Train Size,Dataset,Level,Taxon,Training_Leaves_Count,Model_Path,Accuracy,Cross_Val_Accuracy,AUROC,Precision_0,Recall_0,F1_0,Precision_1,Recall_1,F1_1,Average_Precision
5,focal,Subfamily,Actaeavirinae,5,models/Subfamily_bg/Actaeavirinae.pkl,1.0,0.9988636363636363,1.0,1.0,1.0,1.0,1.0,1.0,1.0,1.0
5,focal,Subfamily,Amaltheavirinae,5,models/Subfamily_bg/Amaltheavirinae.pkl,1.0,0.9988636363636363,1.0,1.0,1.0,1.0,1.0,1.0,1.0,1.0
5,focal,Subfamily,Pclasvirinae,5,models/Subfamily_bg/Pclasvirinae.pkl,0.9971264367816092,1.0,1.0,0.9971181556195965,1.0,0.9985569985569985,1.0,0.5,0.6666666666666666,1.0
5,focal,Subfamily,Pelczarvirinae,5,models/Subfamily_bg/Pelczarvirinae.pkl,1.0,1.0,1.0,1.0,1.0,1.0,1.0,1.0,1.0,1.0
5,focal,Subfamily,Phoebevirinae,5,models/Subfamily_bg/Phoebevirinae.pkl,1.0,0.9988636363636363,1.0,1.0,1.0,1.0,1.0,1.0,1.0,1.0
5,focal,Subfamily,Picovirinae,5,models/Subfamily_bg/Picovirinae.pkl,0.9985632183908046,0.9988636363636363,1.0,0.9985611510791367,1.0,0.9992800575953923,1.0,0.5,0.6666666666666666,1.0
5,focal,Subfamily,Poltergeistvirinae,5,models/Subfamily_bg/Poltergeistvirinae.pkl,1.0,0.9988636363636363,,1.0,1.0,1.0,1.0,1.0,1.0,1.0
5,focal,Subfamily,Polydeucesvirinae,5,models/Subfamily_bg/Polydeucesvirinae.pkl,1.0,1.0,1.0,1.0,1.0,1.0,1.0,1.0,1.0,1.0
5,focal,Subfamily,Portiavirinae,5,models/Subfamily_bg/Portiavirinae.pkl,1.0,1.0,1.0,1.0,1.0,1.0,1.0,1.0,1.0,1.0
5,focal,Subfamily,Prometheusvirinae,5,models/Subfamily_bg/Prometheusvirinae.pkl,0.9985632183908046,0.9988636363636363,1.0,0.9985611510791367,1.0,0.9992800575953923,1.0,0.5,0.6666666666666666,1.0
5,focal,Subfamily,Prosperovirinae,5,models/Subfamily_bg/Prosperovirinae.pkl,1.0,1.0,,1.0,1.0,1.0,1.0,1.0,1.0,1.0
5,focal,Subfamily,Proteusvirinae,5,models/Subfamily_bg/Proteusvirinae.pkl,1.0,1.0,1.0,1.0,1.0,1.0,1.0,1.0,1.0,1.0
5,focal,Subfamily,Puckvirinae,5,models/Subfamily_bg/Puckvirinae.pkl,1.0,0.9988636363636363,1.0,1.0,1.0,1.0,1.0,1.0,1.0,1.0
5,focal,Subfamily,Queuovirinae_1,5,models/Subfamily_bg/Queuovirinae_1.pkl,0.9971264367816092,0.9988636363636363,1.0,0.9971264367816092,1.0,0.9985611510791367,0.0,0.0,0.0,1.0
5,focal,Subfamily,Queuovirinae_2,5,models/Subfamily_bg/Queuovirinae_2.pkl,1.0,0.996590909090909,,1.0,1.0,1.0,1.0,1.0,1.0,1.0
5,focal,Subfamily,Quijotevirinae,5,models/Subfamily_bg/Quijotevirinae.pkl,1.0,1.0,1.0,1.0,1.0,1.0,1.0,1.0,1.0,1.0
5,focal,Subfamily,Rabinowitzvirinae,5,models/Subfamily_bg/Rabinowitzvirinae.pkl,1.0,0.9988636363636363,1.0,1.0,1.0,1.0,1.0,1.0,1.0,1.0
5,focal,Subfamily,Rakietenvirinae_1,5,models/Subfamily_bg/Rakietenvirinae_1.pkl,1.0,0.9988636363636363,1.0,1.0,1.0,1.0,1.0,1.0,1.0,1.0
5,focal,Subfamily,Rakietenvirinae_2,5,models/Subfamily_bg/Rakietenvirinae_2.pkl,1.0,0.9909090909090909,1.0,1.0,1.0,1.0,1.0,1.0,1.0,1.0
5,focal,Subfamily,Rheavirinae,5,models/Subfamily_bg/Rheavirinae.pkl,0.9985632183908046,0.9977272727272727,1.0,0.9985507246376811,1.0,0.9992748368382885,1.0,0.8571428571428571,0.923076923076923,1.0
5,focal,Subfamily,Rhodovirinae,5,models/Subfamily_bg/Rhodovirinae.pkl,1.0,0.9988636363636363,1.0,1.0,1.0,1.0,1.0,1.0,1.0,1.0
5,focal,Subfamily,Pasiphaevirinae,5,models/Subfamily_bg/Pasiphaevirinae.pkl,1.0,0.9988636363636363,,1.0,1.0,1.0,1.0,1.0,1.0,1.0
5,focal,Subfamily,Pandoravirinae,5,models/Subfamily_bg/Pandoravirinae.pkl,1.0,0.9943181818181819,,1.0,1.0,1.0,1.0,1.0,1.0,1.0
5,focal,Subfamily,Ounavirinae,5,models/Subfamily_bg/Ounavirinae.pkl,1.0,1.0,1.0,1.0,1.0,1.0,1.0,1.0,1.0,1.0
5,focal,Subfamily,Namakavirinae,5,models/Subfamily_bg/Namakavirinae.pkl,0.9985632183908046,0.9943181818181819,0.9992795389048992,0.9985611510791367,1.0,0.9992800575953923,1.0,0.5,0.6666666666666666,0.8333333333333333
5,focal,Subfamily,Metisvirinae,5,models/Subfamily_bg/Metisvirinae.pkl,1.0,0.996590909090909,,1.0,1.0,1.0,1.0,1.0,1.0,1.0
5,focal,Subfamily,Migulavirinae,5,models/Subfamily_bg/Migulavirinae.pkl,0.9971264367816092,1.0,1.0,0.9971223021582734,1.0,0.9985590778097982,1.0,0.3333333333333333,0.5,1.0
5,focal,Subfamily,Mimasvirinae,5,models/Subfamily_bg/Mimasvirinae.pkl,1.0,1.0,1.0,1.0,1.0,1.0,1.0,1.0,1.0,1.0
5,focal,Subfamily,Mirandavirinae,5,models/Subfamily_bg/Mirandavirinae.pkl,1.0,0.9988636363636363,1.0,1.0,1.0,1.0,1.0,1.0,1.0,1.0
5,focal,Subfamily,Mnemevirinae,5,models/Subfamily_bg/Mnemevirinae.pkl,1.0,1.0,,1.0,1.0,1.0,1.0,1.0,1.0,1.0
5,focal,Subfamily,Molineuxvirinae,5,models/Subfamily_bg/Molineuxvirinae.pkl,0.9971264367816092,0.9943181818181819,1.0,0.9971056439942113,1.0,0.9985507246376812,1.0,0.7142857142857143,0.8333333333333333,1.0
5,focal,Subfamily,Moonvirinae,5,models/Subfamily_bg/Moonvirinae.pkl,0.9913793103448276,0.9977272727272727,0.999198250728863,0.9913294797687862,1.0,0.9956458635703919,1.0,0.4,0.5714285714285715,0.9625
5,focal,Subfamily,Naiadvirinae,5,models/Subfamily_bg/Naiadvirinae.pkl,1.0,1.0,,1.0,1.0,1.0,1.0,1.0,1.0,1.0
5,focal,Subfamily,Nclasvirinae,5,models/Subfamily_bg/Nclasvirinae.pkl,1.0,1.0,1.0,1.0,1.0,1.0,1.0,1.0,1.0,1.0
5,focal,Subfamily,Orthosievirinae,5,models/Subfamily_bg/Orthosievirinae.pkl,1.0,0.9988636363636363,,1.0,1.0,1.0,1.0,1.0,1.0,1.0
5,focal,Subfamily,Neraxisvirinae,5,models/Subfamily_bg/Neraxisvirinae.pkl,0.9971264367816092,0.9954545454545454,1.0,0.9971223021582734,1.0,0.9985590778097982,1.0,0.3333333333333333,0.5,1.0
5,focal,Subfamily,Nereidvirinae,5,models/Subfamily_bg/Nereidvirinae.pkl,1.0,0.9988636363636363,1.0,1.0,1.0,1.0,1.0,1.0,1.0,1.0
5,focal,Subfamily,Nesovirinae,5,models/Subfamily_bg/Nesovirinae.pkl,0.9985632183908046,0.9954545454545454,,0.9985632183908046,1.0,0.9992810927390366,0.0,0.0,0.0,1.0
5,focal,Subfamily,Northropvirinae,5,models/Subfamily_bg/Northropvirinae.pkl,1.0,1.0,1.0,1.0,1.0,1.0,1.0,1.0,1.0,1.0
5,focal,Subfamily,Nymbaxtervirinae,5,models/Subfamily_bg/Nymbaxtervirinae.pkl,1.0,0.9943181818181819,1.0,1.0,1.0,1.0,1.0,1.0,1.0,1.0
5,focal,Subfamily,Oafivirinae,5,models/Subfamily_bg/Oafivirinae.pkl,1.0,0.9954545454545455,0.9999999999999999,1.0,1.0,1.0,1.0,1.0,1.0,1.0
5,focal,Subfamily,Oberonvirinae,5,models/Subfamily_bg/Oberonvirinae.pkl,1.0,1.0,1.0,1.0,1.0,1.0,1.0,1.0,1.0,1.0
5,focal,Subfamily,Opheliavirinae,5,models/Subfamily_bg/Opheliavirinae.pkl,0.9985632183908046,0.996590909090909,,0.9985632183908046,1.0,0.9992810927390366,0.0,0.0,0.0,1.0
5,focal,Subfamily,Rocinantevirinae,5,models/Subfamily_bg/Rocinantevirinae.pkl,1.0,1.0,1.0,1.0,1.0,1.0,1.0,1.0,1.0,1.0
5,focal,Subfamily,Rogunavirinae,5,models/Subfamily_bg/Rogunavirinae.pkl,0.9985632183908046,0.9977272727272727,1.0,0.9985569985569985,1.0,0.9992779783393501,1.0,0.75,0.8571428571428571,1.0
5,focal,Subfamily,Rosalindvirinae,5,models/Subfamily_bg/Rosalindvirinae.pkl,1.0,1.0,,1.0,1.0,1.0,1.0,1.0,1.0,1.0
5,focal,Subfamily,Twarogvirinae,5,models/Subfamily_bg/Twarogvirinae.pkl,0.9985632183908046,0.9988636363636363,1.0,0.9985590778097982,1.0,0.9992790194664743,1.0,0.6666666666666666,0.8,1.0
5,focal,Subfamily,Thalassavirinae,5,models/Subfamily_bg/Thalassavirinae.pkl,1.0,0.9977272727272727,,1.0,1.0,1.0,1.0,1.0,1.0,1.0
5,focal,Subfamily,Thebevirinae,5,models/Subfamily_bg/Thebevirinae.pkl,1.0,0.9977272727272727,1.0,1.0,1.0,1.0,1.0,1.0,1.0,1.0
5,focal,Subfamily,Thestiasvirinae,5,models/Subfamily_bg/Thestiasvirinae.pkl,0.9985632183908046,0.9988636363636363,1.0,0.9985611510791367,1.0,0.9992800575953923,1.0,0.5,0.6666666666666666,1.0
5,focal,Subfamily,Threxiavirinae,5,models/Subfamily_bg/Threxiavirinae.pkl,0.9985632183908046,0.9943181818181819,1.0,0.9985611510791367,1.0,0.9992800575953923,1.0,0.5,0.6666666666666666,1.0
5,focal,Subfamily,Titaniavirinae,5,models/Subfamily_bg/Titaniavirinae.pkl,1.0,1.0,1.0,1.0,1.0,1.0,1.0,1.0,1.0,1.0
5,focal,Subfamily,Titanvirinae,5,models/Subfamily_bg/Titanvirinae.pkl,0.992816091954023,0.996590909090909,1.0,0.9926900584795322,1.0,0.9963316214233309,1.0,0.7058823529411765,0.8275862068965517,1.0
5,focal,Subfamily,Toshachvirinae,5,models/Subfamily_bg/Toshachvirinae.pkl,1.0,0.9988636363636363,,1.0,1.0,1.0,1.0,1.0,1.0,1.0
5,focal,Subfamily,Tritonvirinae,5,models/Subfamily_bg/Tritonvirinae.pkl,0.9956896551724138,0.9977272727272727,0.999377980510056,0.9956647398843931,1.0,0.997827661115134,1.0,0.5714285714285714,0.7272727272727273,0.947845804988662
5,focal,Subfamily,Twortvirinae,5,models/Subfamily_bg/Twortvirinae.pkl,0.9956896551724138,1.0,1.0,0.9956647398843931,1.0,0.997827661115134,1.0,0.5714285714285714,0.7272727272727273,1.0
5,focal,Subfamily,Tethysvirinae,5,models/Subfamily_bg/Tethysvirinae.pkl,1.0,0.9988636363636363,1.0,1.0,1.0,1.0,1.0,1.0,1.0,1.0
5,focal,Subfamily,Tybeckvirinae_1,5,models/Subfamily_bg/Tybeckvirinae_1.pkl,0.9985632183908046,0.9988636363636363,,0.9985632183908046,1.0,0.9992810927390366,0.0,0.0,0.0,1.0
5,focal,Subfamily,Umbrielvirinae,5,models/Subfamily_bg/Umbrielvirinae.pkl,1.0,1.0,1.0,1.0,1.0,1.0,1.0,1.0,1.0,1.0
5,focal,Subfamily,Vanthvirinae,5,models/Subfamily_bg/Vanthvirinae.pkl,1.0,0.9977272727272727,1.0,1.0,1.0,1.0,1.0,1.0,1.0,1.0
5,focal,Subfamily,Vequintavirinae_1,5,models/Subfamily_bg/Vequintavirinae_1.pkl,1.0,0.9988636363636363,1.0,1.0,1.0,1.0,1.0,1.0,1.0,1.0
5,focal,Subfamily,Vequintavirinae_2,5,models/Subfamily_bg/Vequintavirinae_2.pkl,0.9985632183908046,1.0,1.0,0.9985611510791367,1.0,0.9992800575953923,1.0,0.5,0.6666666666666666,1.0
5,focal,Subfamily,Weiservirinae_1,5,models/Subfamily_bg/Weiservirinae_1.pkl,0.9971264367816092,0.996590909090909,1.0,0.9970887918486172,1.0,0.9985422740524782,1.0,0.8181818181818182,0.9,1.0
5,focal,Subfamily,Weiservirinae_2,5,models/Subfamily_bg/Weiservirinae_2.pkl,0.9985632183908046,1.0,1.0,0.9985611510791367,1.0,0.9992800575953923,1.0,0.5,0.6666666666666666,1.0
5,focal,Subfamily,Weywotvirinae,5,models/Subfamily_bg/Weywotvirinae.pkl,1.0,0.9988636363636363,1.0,1.0,1.0,1.0,1.0,1.0,1.0,1.0
5,focal,Subfamily,Tevenvirinae,5,models/Subfamily_bg/Tevenvirinae.pkl,0.9770114942528736,0.9988636363636363,0.9999514916323066,0.9765051395007343,1.0,0.9881129271916791,1.0,0.4838709677419355,0.6521739130434783,0.998991935483871
5,focal,Subfamily,Tempevirinae_1,5,models/Subfamily_bg/Tempevirinae_1.pkl,0.978448275862069,0.9977272727272727,1.0,0.9783236994219653,1.0,0.9890430971512052,1.0,0.21052631578947367,0.34782608695652173,1.0
5,focal,Subfamily,Rothmandenesvirinae,5,models/Subfamily_bg/Rothmandenesvirinae.pkl,0.9942528735632183,0.9943181818181819,1.0,0.9942446043165467,1.0,0.9971139971139971,1.0,0.2,0.33333333333333337,1.0
5,focal,Subfamily,Sepvirinae,5,models/Subfamily_bg/Sepvirinae.pkl,0.9942528735632183,1.0,1.0,0.9942528735632183,1.0,0.9971181556195965,0.0,0.0,0.0,1.0
5,focal,Subfamily,Ruthgordonvirinae,5,models/Subfamily_bg/Ruthgordonvirinae.pkl,0.9985632183908046,0.9954545454545454,,0.9985632183908046,1.0,0.9992810927390366,0.0,0.0,0.0,1.0
5,focal,Subfamily,Saffarvirinae,5,models/Subfamily_bg/Saffarvirinae.pkl,1.0,0.996590909090909,1.0,1.0,1.0,1.0,1.0,1.0,1.0,1.0
5,focal,Subfamily,Samhvirinae,5,models/Subfamily_bg/Samhvirinae.pkl,0.9985632183908046,0.9977272727272727,,0.9985632183908046,1.0,0.9992810927390366,0.0,0.0,0.0,1.0
5,focal,Subfamily,Sanchovirinae,5,models/Subfamily_bg/Sanchovirinae.pkl,0.9956896551724138,0.9943181818181819,0.9995189995189995,0.9956896551724138,1.0,0.9978401727861772,0.0,0.0,0.0,0.8333333333333333
5,focal,Subfamily,Saovirinae,5,models/Subfamily_bg/Saovirinae.pkl,1.0,0.9977272727272727,,1.0,1.0,1.0,1.0,1.0,1.0,1.0
5,focal,Subfamily,Sarlesvirinae_1,5,models/Subfamily_bg/Sarlesvirinae_1.pkl,1.0,1.0,1.0,1.0,1.0,1.0,1.0,1.0,1.0,1.0
5,focal,Subfamily,Sechaudvirinae_1,5,models/Subfamily_bg/Sechaudvirinae_1.pkl,0.9971264367816092,0.9977272727272727,1.0,0.9971223021582734,1.0,0.9985590778097982,1.0,0.3333333333333333,0.5,1.0
5,focal,Subfamily,Sejongvirinae,5,models/Subfamily_bg/Sejongvirinae.pkl,0.9956896551724138,0.9977272727272727,1.0,0.9956896551724138,1.0,0.9978401727861772,0.0,0.0,0.0,1.0
5,focal,Subfamily,Setebosvirinae,5,models/Subfamily_bg/Setebosvirinae.pkl,1.0,1.0,,1.0,1.0,1.0,1.0,1.0,1.0,1.0
5,focal,Subfamily,Tatarstanvirinae,5,models/Subfamily_bg/Tatarstanvirinae.pkl,0.9985632183908046,0.9943181818181819,,0.9985632183908046,1.0,0.9992810927390366,0.0,0.0,0.0,1.0
5,focal,Subfamily,Siarnaqvirinae,5,models/Subfamily_bg/Siarnaqvirinae.pkl,1.0,1.0,,1.0,1.0,1.0,1.0,1.0,1.0,1.0
5,focal,Subfamily,Skurskavirinae,5,models/Subfamily_bg/Skurskavirinae.pkl,0.9985632183908046,0.9988636363636363,1.0,0.9985590778097982,1.0,0.9992790194664743,1.0,0.6666666666666666,0.8,1.0
5,focal,Subfamily,Slopekvirinae,5,models/Subfamily_bg/Slopekvirinae.pkl,0.9899425287356322,0.9977272727272727,1.0,0.9899135446685879,1.0,0.9949312092686459,1.0,0.2222222222222222,0.3636363636363636,1.0000000000000002
5,focal,Subfamily,Staniewskivirinae,5,models/Subfamily_bg/Staniewskivirinae.pkl,0.9985632183908046,1.0,1.0,0.9985611510791367,1.0,0.9992800575953923,1.0,0.5,0.6666666666666666,1.0
5,focal,Subfamily,Stephanstirmvirinae,5,models/Subfamily_bg/Stephanstirmvirinae.pkl,0.9971264367816092,1.0,1.0,0.9971181556195965,1.0,0.9985569985569985,1.0,0.5,0.6666666666666666,1.0
5,focal,Subfamily,Studiervirinae_1,5,models/Subfamily_bg/Studiervirinae_1.pkl,0.992816091954023,0.9977272727272727,1.0,0.9925595238095238,1.0,0.9962658700522778,1.0,0.8275862068965517,0.9056603773584906,0.9999999999999998
5,focal,Subfamily,Sycoraxvirinae,5,models/Subfamily_bg/Sycoraxvirinae.pkl,0.9985632183908046,0.9954545454545454,1.0,0.9985611510791367,1.0,0.9992800575953923,1.0,0.5,0.6666666666666666,1.0
5,focal,Subfamily,Taphaovirinae,5,models/Subfamily_bg/Taphaovirinae.pkl,0.9985632183908046,0.9954545454545454,,0.9985632183908046,1.0,0.9992810927390366,0.0,0.0,0.0,1.0
5,focal,Subfamily,Melnykvirinae,5,models/Subfamily_bg/Melnykvirinae.pkl,0.992816091954023,0.996590909090909,0.9984081041968162,0.992816091954023,1.0,0.996395097332372,0.0,0.0,0.0,0.8833333333333333
5,focal,Subfamily,Mclasvirinae,5,models/Subfamily_bg/Mclasvirinae.pkl,1.0,0.9977272727272727,,1.0,1.0,1.0,1.0,1.0,1.0,1.0
5,focal,Subfamily,Mccleskeyvirinae,5,models/Subfamily_bg/Mccleskeyvirinae.pkl,1.0,0.9988636363636363,1.0,1.0,1.0,1.0,1.0,1.0,1.0,1.0
5,focal,Subfamily,Deejayvirinae,5,models/Subfamily_bg/Deejayvirinae.pkl,0.9985632183908046,0.9988636363636363,1.0,0.9985611510791367,1.0,0.9992800575953923,1.0,0.5,0.6666666666666666,1.0
5,focal,Subfamily,Carpovirinae,5,models/Subfamily_bg/Carpovirinae.pkl,1.0,1.0,1.0,1.0,1.0,1.0,1.0,1.0,1.0,1.0
5,focal,Subfamily,Ceeclamvirinae_1,5,models/Subfamily_bg/Ceeclamvirinae_1.pkl,0.9985632183908046,0.9943181818181819,,0.9985632183908046,1.0,0.9992810927390366,0.0,0.0,0.0,1.0
5,focal,Subfamily,Ceeclamvirinae_2,5,models/Subfamily_bg/Ceeclamvirinae_2.pkl,1.0,1.0,1.0,1.0,1.0,1.0,1.0,1.0,1.0,1.0
5,focal,Subfamily,Charonvirinae,5,models/Subfamily_bg/Charonvirinae.pkl,0.9971264367816092,0.9988636363636363,1.0,0.9971139971139971,1.0,0.9985549132947976,1.0,0.6,0.7499999999999999,1.0
5,focal,Subfamily,Cleopatravirinae,5,models/Subfamily_bg/Cleopatravirinae.pkl,1.0,0.9988636363636363,1.0,1.0,1.0,1.0,1.0,1.0,1.0,1.0
5,focal,Subfamily,Cressidavirinae,5,models/Subfamily_bg/Cressidavirinae.pkl,0.9985632183908046,1.0,,0.9985632183908046,1.0,0.9992810927390366,0.0,0.0,0.0,1.0
5,focal,Subfamily,Crudevirinae,5,models/Subfamily_bg/Crudevirinae.pkl,0.9985632183908046,0.996590909090909,1.0,0.9985590778097982,1.0,0.9992790194664743,1.0,0.6666666666666666,0.8,1.0
5,focal,Subfamily,Cvivirinae,5,models/Subfamily_bg/Cvivirinae.pkl,0.9985632183908046,0.9988636363636363,1.0,0.9985401459854014,1.0,0.9992695398100804,1.0,0.9166666666666666,0.9565217391304348,1.0
5,focal,Subfamily,Deeyouvirinae,5,models/Subfamily_bg/Deeyouvirinae.pkl,1.0,0.9977272727272727,,1.0,1.0,1.0,1.0,1.0,1.0,1.0
5,focal,Subfamily,Callistovirinae,5,models/Subfamily_bg/Callistovirinae.pkl,0.985632183908046,0.9988636363636363,1.0,0.9855072463768116,1.0,0.9927007299270074,1.0,0.375,0.5454545454545454,1.0
5,focal,Subfamily,Demetervirinae,5,models/Subfamily_bg/Demetervirinae.pkl,1.0,1.0,,1.0,1.0,1.0,1.0,1.0,1.0,1.0
5,focal,Subfamily,Desdemonavirinae,5,models/Subfamily_bg/Desdemonavirinae.pkl,1.0,0.9977272727272727,,1.0,1.0,1.0,1.0,1.0,1.0,1.0
5,focal,Subfamily,Despinavirinae,5,models/Subfamily_bg/Despinavirinae.pkl,0.9971264367816092,0.9988636363636363,1.0,0.9971264367816092,1.0,0.9985611510791367,0.0,0.0,0.0,1.0
5,focal,Subfamily,Dionevirinae,5,models/Subfamily_bg/Dionevirinae.pkl,0.9985632183908046,0.9977272727272727,1.0,0.9985569985569985,1.0,0.9992779783393501,1.0,0.75,0.8571428571428571,1.0
5,focal,Subfamily,Draugrvirinae,5,models/Subfamily_bg/Draugrvirinae.pkl,0.9985632183908046,0.9943181818181819,,0.9985632183908046,1.0,0.9992810927390366,0.0,0.0,0.0,1.0
5,focal,Subfamily,Dulcineavirinae,5,models/Subfamily_bg/Dulcineavirinae.pkl,1.0,1.0,1.0,1.0,1.0,1.0,1.0,1.0,1.0,0.9999999999999999
5,focal,Subfamily,Dysnomiavirinae,5,models/Subfamily_bg/Dysnomiavirinae.pkl,1.0,0.9988636363636363,1.0,1.0,1.0,1.0,1.0,1.0,1.0,1.0
5,focal,Subfamily,Elaravirinae,5,models/Subfamily_bg/Elaravirinae.pkl,0.9985632183908046,0.9988636363636363,,0.9985632183908046,1.0,0.9992810927390366,0.0,0.0,0.0,1.0
5,focal,Subfamily,Carmevirinae,5,models/Subfamily_bg/Carmevirinae.pkl,1.0,0.9977272727272727,,1.0,1.0,1.0,1.0,1.0,1.0,1.0
5,focal,Subfamily,Calibanvirinae,5,models/Subfamily_bg/Calibanvirinae.pkl,1.0,0.9943181818181819,,1.0,1.0,1.0,1.0,1.0,1.0,1.0
5,focal,Subfamily,Enceladusvirinae,5,models/Subfamily_bg/Enceladusvirinae.pkl,0.9985632183908046,0.9988636363636363,1.0,0.9985569985569985,1.0,0.9992779783393501,1.0,0.75,0.8571428571428571,1.0
5,focal,Subfamily,Bastillevirinae_3,5,models/Subfamily_bg/Bastillevirinae_3.pkl,1.0,0.9977272727272727,1.0,1.0,1.0,1.0,1.0,1.0,1.0,1.0
5,focal,Subfamily,Arielvirinae,5,models/Subfamily_bg/Arielvirinae.pkl,1.0,1.0,1.0,1.0,1.0,1.0,1.0,1.0,1.0,1.0
5,focal,Subfamily,Arquatrovirinae,5,models/Subfamily_bg/Arquatrovirinae.pkl,1.0,0.9988636363636363,1.0,1.0,1.0,1.0,1.0,1.0,1.0,1.0
5,focal,Subfamily,Asinivirinae_1,5,models/Subfamily_bg/Asinivirinae_1.pkl,0.9985632183908046,0.9988636363636363,1.0,0.9985611510791367,1.0,0.9992800575953923,1.0,0.5,0.6666666666666666,1.0
5,focal,Subfamily,Azeevirinae,5,models/Subfamily_bg/Azeevirinae.pkl,1.0,0.9988636363636363,1.0,1.0,1.0,1.0,1.0,1.0,1.0,1.0
5,focal,Subfamily,Azeredovirinae_1,5,models/Subfamily_bg/Azeredovirinae_1.pkl,0.9942528735632183,0.9954545454545454,1.0,0.9942446043165467,1.0,0.9971139971139971,1.0,0.2,0.33333333333333337,1.0
5,focal,Subfamily,Azeredovirinae_2,5,models/Subfamily_bg/Azeredovirinae_2.pkl,0.9971264367816092,0.9977272727272727,1.0,0.9971181556195965,1.0,0.9985569985569985,1.0,0.5,0.6666666666666666,1.0
5,focal,Subfamily,Bastillevirinae_1,5,models/Subfamily_bg/Bastillevirinae_1.pkl,0.9971264367816092,0.9954545454545454,1.0,0.9971223021582734,1.0,0.9985590778097982,1.0,0.3333333333333333,0.5,1.0
5,focal,Subfamily,Bastillevirinae_2,5,models/Subfamily_bg/Bastillevirinae_2.pkl,1.0,0.9977272727272727,1.0,1.0,1.0,1.0,1.0,1.0,1.0,1.0
5,focal,Subfamily,Bastillevirinae_4,5,models/Subfamily_bg/Bastillevirinae_4.pkl,1.0,1.0,,1.0,1.0,1.0,1.0,1.0,1.0,1.0
5,focal,Subfamily,Bronfenbrennervirinae_2,5,models/Subfamily_bg/Bronfenbrennervirinae_2.pkl,0.9985632183908046,0.9954545454545454,1.0,0.9985611510791367,1.0,0.9992800575953923,1.0,0.5,0.6666666666666666,1.0
5,focal,Subfamily,Bclasvirinae_1,5,models/Subfamily_bg/Bclasvirinae_1.pkl,0.9956896551724138,0.996590909090909,1.0,0.9956647398843931,1.0,0.997827661115134,1.0,0.5714285714285714,0.7272727272727273,0.9999999999999998
5,focal,Subfamily,Bclasvirinae_2,5,models/Subfamily_bg/Bclasvirinae_2.pkl,1.0,1.0,1.0,1.0,1.0,1.0,1.0,1.0,1.0,1.0
5,focal,Subfamily,Beijerinckvirinae_1,5,models/Subfamily_bg/Beijerinckvirinae_1.pkl,1.0,1.0,1.0,1.0,1.0,1.0,1.0,1.0,1.0,1.0
5,focal,Subfamily,Belindavirinae,5,models/Subfamily_bg/Belindavirinae.pkl,0.9985632183908046,0.996590909090909,0.9985590778097984,0.9985611510791367,1.0,0.9992800575953923,1.0,0.5,0.6666666666666666,0.7
5,focal,Subfamily,Biancavirinae,5,models/Subfamily_bg/Biancavirinae.pkl,1.0,0.9954545454545454,,1.0,1.0,1.0,1.0,1.0,1.0,1.0
5,focal,Subfamily,Boydwoodruffvirinae,5,models/Subfamily_bg/Boydwoodruffvirinae.pkl,1.0,1.0,1.0,1.0,1.0,1.0,1.0,1.0,1.0,1.0
5,focal,Subfamily,Brockvirinae_1,5,models/Subfamily_bg/Brockvirinae_1.pkl,1.0,1.0,,1.0,1.0,1.0,1.0,1.0,1.0,1.0
5,focal,Subfamily,Bronfenbrennervirinae_1,5,models/Subfamily_bg/Bronfenbrennervirinae_1.pkl,0.9985632183908046,0.9943181818181819,1.0,0.9985590778097982,1.0,0.9992790194664743,1.0,0.6666666666666666,0.8,1.0
5,focal,Subfamily,Emilbogenvirinae,5,models/Subfamily_bg/Emilbogenvirinae.pkl,1.0,1.0,1.0,1.0,1.0,1.0,1.0,1.0,1.0,1.0
5,focal,Subfamily,Enquatrovirinae,5,models/Subfamily_bg/Enquatrovirinae.pkl,1.0,0.9988636363636363,1.0,1.0,1.0,1.0,1.0,1.0,1.0,1.0
5,focal,Subfamily,Markadamsvirinae,5,models/Subfamily_bg/Markadamsvirinae.pkl,0.9985632183908046,0.9988636363636363,1.0,0.9985315712187959,1.0,0.9992652461425422,1.0,0.9375,0.967741935483871,1.0
5,focal,Subfamily,Kantovirinae,5,models/Subfamily_bg/Kantovirinae.pkl,1.0,0.9988636363636363,1.0,1.0,1.0,1.0,1.0,1.0,1.0,1.0
5,focal,Subfamily,Ilmarëvirinae,5,models/Subfamily_bg/Ilmarëvirinae.pkl,0.9971264367816092,0.996590909090909,1.0,0.9971223021582734,1.0,0.9985590778097982,1.0,0.3333333333333333,0.5,1.0
5,focal,Subfamily,Iovirinae,5,models/Subfamily_bg/Iovirinae.pkl,0.9971264367816092,0.9943181818181819,1.0,0.997080291970803,1.0,0.9985380116959064,1.0,0.8461538461538461,0.9166666666666666,1.0
5,focal,Subfamily,Jameshumphriesvirinae,5,models/Subfamily_bg/Jameshumphriesvirinae.pkl,0.9985632183908046,0.9943181818181819,,0.9985632183908046,1.0,0.9992810927390366,0.0,0.0,0.0,1.0
5,focal,Subfamily,Janusvirinae,5,models/Subfamily_bg/Janusvirinae.pkl,0.9971264367816092,0.996590909090909,1.0,0.9971264367816092,1.0,0.9985611510791367,0.0,0.0,0.0,1.0
5,focal,Subfamily,Jasinskavirinae,5,models/Subfamily_bg/Jasinskavirinae.pkl,1.0,1.0,1.0,1.0,1.0,1.0,1.0,1.0,1.0,1.0
5,focal,Subfamily,Joanripponvirinae,5,models/Subfamily_bg/Joanripponvirinae.pkl,1.0,0.9988636363636363,1.0,1.0,1.0,1.0,1.0,1.0,1.0,1.0
5,focal,Subfamily,Jondennisvirinae,5,models/Subfamily_bg/Jondennisvirinae.pkl,1.0,0.9977272727272727,1.0,1.0,1.0,1.0,1.0,1.0,1.0,1.0
5,focal,Subfamily,Julietvirinae,5,models/Subfamily_bg/Julietvirinae.pkl,0.9985632183908046,0.9988636363636363,1.0,0.9985611510791367,1.0,0.9992800575953923,1.0,0.5,0.6666666666666666,1.0
5,focal,Subfamily,Krylovirinae,5,models/Subfamily_bg/Krylovirinae.pkl,1.0,0.9977272727272727,1.0,1.0,1.0,1.0,1.0,1.0,1.0,1.0
5,focal,Subfamily,Iapetusvirinae,5,models/Subfamily_bg/Iapetusvirinae.pkl,1.0,1.0,1.0,1.0,1.0,1.0,1.0,1.0,1.0,1.0
5,focal,Subfamily,Kutznervirinae_1,5,models/Subfamily_bg/Kutznervirinae_1.pkl,1.0,1.0,,1.0,1.0,1.0,1.0,1.0,1.0,1.0
5,focal,Subfamily,Langleyhallvirinae,5,models/Subfamily_bg/Langleyhallvirinae.pkl,1.0,0.9988636363636363,,1.0,1.0,1.0,1.0,1.0,1.0,1.0
5,focal,Subfamily,Larissavirinae,5,models/Subfamily_bg/Larissavirinae.pkl,0.9985632183908046,0.9988636363636363,0.9953170028818444,0.9985611510791367,1.0,0.9992800575953923,1.0,0.5,0.6666666666666666,0.6
5,focal,Subfamily,Lclasvirinae,5,models/Subfamily_bg/Lclasvirinae.pkl,1.0,1.0,1.0,1.0,1.0,1.0,1.0,1.0,1.0,1.0
5,focal,Subfamily,Loccivirinae,5,models/Subfamily_bg/Loccivirinae.pkl,1.0,0.9988636363636363,1.0,1.0,1.0,1.0,1.0,1.0,1.0,1.0
5,focal,Subfamily,Loutivirinae,5,models/Subfamily_bg/Loutivirinae.pkl,0.992816091954023,0.9954545454545454,1.0,0.992816091954023,1.0,0.996395097332372,0.0,0.0,0.0,1.0
5,focal,Subfamily,Lysitheavirinae,5,models/Subfamily_bg/Lysitheavirinae.pkl,1.0,0.996590909090909,,1.0,1.0,1.0,1.0,1.0,1.0,1.0
5,focal,Subfamily,Majritivirinae,5,models/Subfamily_bg/Majritivirinae.pkl,1.0,1.0,,1.0,1.0,1.0,1.0,1.0,1.0,1.0
5,focal,Subfamily,Iiscvirinae,5,models/Subfamily_bg/Iiscvirinae.pkl,0.9971264367816092,0.9988636363636363,1.0,0.9971264367816092,1.0,0.9985611510791367,0.0,0.0,0.0,1.0
5,focal,Subfamily,Hyperionvirinae,5,models/Subfamily_bg/Hyperionvirinae.pkl,0.9971264367816092,1.0,1.0,0.9971264367816092,1.0,0.9985611510791367,0.0,0.0,0.0,1.0
5,focal,Subfamily,Epimetheusvirinae,5,models/Subfamily_bg/Epimetheusvirinae.pkl,1.0,0.9977272727272727,1.0,1.0,1.0,1.0,1.0,1.0,1.0,1.0
5,focal,Subfamily,Gordonclarkvirinae,5,models/Subfamily_bg/Gordonclarkvirinae.pkl,1.0,1.0,1.0,1.0,1.0,1.0,1.0,1.0,1.0,1.0
5,focal,Subfamily,Ermolyevavirinae,5,models/Subfamily_bg/Ermolyevavirinae.pkl,1.0,1.0,1.0,1.0,1.0,1.0,1.0,1.0,1.0,1.0
5,focal,Subfamily,Euphemevirinae,5,models/Subfamily_bg/Euphemevirinae.pkl,1.0,1.0,,1.0,1.0,1.0,1.0,1.0,1.0,1.0
5,focal,Subfamily,Euporievirinae,5,models/Subfamily_bg/Euporievirinae.pkl,1.0,1.0,,1.0,1.0,1.0,1.0,1.0,1.0,1.0
5,focal,Subfamily,Europavirinae,5,models/Subfamily_bg/Europavirinae.pkl,0.992816091954023,0.9943181818181819,1.0,0.9927849927849928,1.0,0.9963794351918899,1.0,0.375,0.5454545454545454,1.0
5,focal,Subfamily,Fortitudovirinae,5,models/Subfamily_bg/Fortitudovirinae.pkl,1.0,1.0,,1.0,1.0,1.0,1.0,1.0,1.0,1.0
5,focal,Subfamily,Galateavirinae,5,models/Subfamily_bg/Galateavirinae.pkl,1.0,0.9977272727272727,1.0,1.0,1.0,1.0,1.0,1.0,1.0,1.0
5,focal,Subfamily,Ganymedevirinae,5,models/Subfamily_bg/Ganymedevirinae.pkl,1.0,1.0,1.0,1.0,1.0,1.0,1.0,1.0,1.0,1.0
5,focal,Subfamily,Gclasvirinae,5,models/Subfamily_bg/Gclasvirinae.pkl,1.0,0.9988636363636363,1.0,1.0,1.0,1.0,1.0,1.0,1.0,1.0
5,focal,Subfamily,Gorgonvirinae,5,models/Subfamily_bg/Gorgonvirinae.pkl,0.9985632183908046,0.9988636363636363,1.0,0.9985611510791367,1.0,0.9992800575953923,1.0,0.5,0.6666666666666666,1.0
5,focal,Subfamily,Humphriesvirinae,5,models/Subfamily_bg/Humphriesvirinae.pkl,1.0,0.9988636363636363,,1.0,1.0,1.0,1.0,1.0,1.0,1.0
5,focal,Subfamily,Gracegardnervirinae_1,5,models/Subfamily_bg/Gracegardnervirinae_1.pkl,0.9985632183908046,1.0,1.0,0.9985207100591716,1.0,0.999259807549963,1.0,0.9523809523809523,0.975609756097561,1.0000000000000002
5,focal,Subfamily,Gracegardnervirinae_2,5,models/Subfamily_bg/Gracegardnervirinae_2.pkl,0.9985632183908046,0.9954545454545455,1.0,0.9985611510791367,1.0,0.9992800575953923,1.0,0.5,0.6666666666666666,1.0
5,focal,Subfamily,Guarnerosvirinae,5,models/Subfamily_bg/Guarnerosvirinae.pkl,0.9956896551724138,0.996590909090909,0.8179413179413179,0.9956896551724138,1.0,0.9978401727861772,0.0,0.0,0.0,0.6681034482758621
5,focal,Subfamily,Guernseyvirinae_1,5,models/Subfamily_bg/Guernseyvirinae_1.pkl,1.0,0.9977272727272727,1.0,1.0,1.0,1.0,1.0,1.0,1.0,1.0
5,focal,Subfamily,Halimedevirinae,5,models/Subfamily_bg/Halimedevirinae.pkl,1.0,0.9977272727272727,,1.0,1.0,1.0,1.0,1.0,1.0,1.0
5,focal,Subfamily,Hendrixvirinae_1,5,models/Subfamily_bg/Hendrixvirinae_1.pkl,0.9985632183908046,1.0,1.0,0.9985590778097982,1.0,0.9992790194664743,1.0,0.6666666666666666,0.8,1.0
5,focal,Subfamily,Hi'iakavirinae,5,models/Subfamily_bg/Hi'iakavirinae.pkl,1.0,1.0,1.0,1.0,1.0,1.0,1.0,1.0,1.0,1.0
5,focal,Subfamily,Himaliavirinae,5,models/Subfamily_bg/Himaliavirinae.pkl,0.9985632183908046,0.996590909090909,1.0,0.9985611510791367,1.0,0.9992800575953923,1.0,0.5,0.6666666666666666,1.0
5,focal,Subfamily,Xiangliuvirinae,5,models/Subfamily_bg/Xiangliuvirinae.pkl,0.9971264367816092,0.9988636363636363,1.0,0.9971264367816092,1.0,0.9985611510791367,0.0,0.0,0.0,1.0
7,focal,Subfamily,Actaeavirinae,7,models/Subfamily_bg/Actaeavirinae.pkl,1.0,0.9987654320987656,1.0,1.0,1.0,1.0,1.0,1.0,1.0,1.0
7,focal,Subfamily,Ounavirinae,7,models/Subfamily_bg/Ounavirinae.pkl,1.0,0.9987730061349694,1.0,1.0,1.0,1.0,1.0,1.0,1.0,1.0
7,focal,Subfamily,Rheavirinae,7,models/Subfamily_bg/Rheavirinae.pkl,1.0,1.0,1.0,1.0,1.0,1.0,1.0,1.0,1.0,1.0
7,focal,Subfamily,Rakietenvirinae_2,7,models/Subfamily_bg/Rakietenvirinae_2.pkl,1.0,0.9679088086041052,1.0,1.0,1.0,1.0,1.0,1.0,1.0,1.0
7,focal,Subfamily,Rakietenvirinae_1,7,models/Subfamily_bg/Rakietenvirinae_1.pkl,1.0,1.0,1.0,1.0,1.0,1.0,1.0,1.0,1.0,1.0
7,focal,Subfamily,Rabinowitzvirinae,7,models/Subfamily_bg/Rabinowitzvirinae.pkl,1.0,1.0,1.0,1.0,1.0,1.0,1.0,1.0,1.0,1.0
7,focal,Subfamily,Quijotevirinae,7,models/Subfamily_bg/Quijotevirinae.pkl,1.0,1.0,1.0,1.0,1.0,1.0,1.0,1.0,1.0,1.0
7,focal,Subfamily,Puckvirinae,7,models/Subfamily_bg/Puckvirinae.pkl,1.0,0.9987730061349694,1.0,1.0,1.0,1.0,1.0,1.0,1.0,1.0
7,focal,Subfamily,Proteusvirinae,7,models/Subfamily_bg/Proteusvirinae.pkl,1.0,1.0,1.0,1.0,1.0,1.0,1.0,1.0,1.0,1.0
7,focal,Subfamily,Polydeucesvirinae,7,models/Subfamily_bg/Polydeucesvirinae.pkl,1.0,0.9987654320987656,1.0,1.0,1.0,1.0,1.0,1.0,1.0,1.0
7,focal,Subfamily,Picovirinae,7,models/Subfamily_bg/Picovirinae.pkl,1.0,0.9987654320987656,1.0,1.0,1.0,1.0,1.0,1.0,1.0,1.0
7,focal,Subfamily,Phoebevirinae,7,models/Subfamily_bg/Phoebevirinae.pkl,1.0,0.9987730061349694,1.0,1.0,1.0,1.0,1.0,1.0,1.0,1.0
7,focal,Subfamily,Pelczarvirinae,7,models/Subfamily_bg/Pelczarvirinae.pkl,1.0,1.0,0.9999999999999999,1.0,1.0,1.0,1.0,1.0,1.0,1.0
7,focal,Subfamily,Pclasvirinae,7,models/Subfamily_bg/Pclasvirinae.pkl,0.9971264367816092,0.9987654320987656,0.9996387283236994,0.9971181556195965,1.0,0.9985569985569985,1.0,0.5,0.6666666666666666,0.95
7,focal,Subfamily,Oberonvirinae,7,models/Subfamily_bg/Oberonvirinae.pkl,1.0,0.9987730061349694,1.0,1.0,1.0,1.0,1.0,1.0,1.0,1.0
7,focal,Subfamily,Amaltheavirinae,7,models/Subfamily_bg/Amaltheavirinae.pkl,0.9985632183908046,0.9987654320987656,1.0,1.0,0.9985590778097982,0.9992790194664743,0.6666666666666666,1.0,0.8,1.0
7,focal,Subfamily,Nymbaxtervirinae,7,models/Subfamily_bg/Nymbaxtervirinae.pkl,1.0,0.9950920245398773,1.0,1.0,1.0,1.0,1.0,1.0,1.0,1.0
7,focal,Subfamily,Northropvirinae,7,models/Subfamily_bg/Northropvirinae.pkl,1.0,1.0,1.0,1.0,1.0,1.0,1.0,1.0,1.0,1.0
7,focal,Subfamily,Nereidvirinae,7,models/Subfamily_bg/Nereidvirinae.pkl,1.0,0.9987730061349694,1.0,1.0,1.0,1.0,1.0,1.0,1.0,1.0
7,focal,Subfamily,Neraxisvirinae,7,models/Subfamily_bg/Neraxisvirinae.pkl,0.9971264367816092,0.9938498826024389,1.0,0.9971223021582734,1.0,0.9985590778097982,1.0,0.3333333333333333,0.5,1.0
7,focal,Subfamily,Nclasvirinae,7,models/Subfamily_bg/Nclasvirinae.pkl,1.0,1.0,1.0,1.0,1.0,1.0,1.0,1.0,1.0,1.0
7,focal,Subfamily,Namakavirinae,7,models/Subfamily_bg/Namakavirinae.pkl,0.9985632183908046,0.9913807467999698,0.9989193083573488,0.9985611510791367,1.0,0.9992800575953923,1.0,0.5,0.6666666666666666,0.75
7,focal,Subfamily,Moonvirinae,7,models/Subfamily_bg/Moonvirinae.pkl,0.9942528735632183,0.9987654320987656,0.9989795918367347,0.9942028985507246,1.0,0.9970930232558141,1.0,0.6,0.7499999999999999,0.9588235294117647
7,focal,Subfamily,Molineuxvirinae,7,models/Subfamily_bg/Molineuxvirinae.pkl,0.9985632183908046,0.996311444368704,1.0,0.9985507246376811,1.0,0.9992748368382885,1.0,0.8571428571428571,0.923076923076923,1.0
7,focal,Subfamily,Mirandavirinae,7,models/Subfamily_bg/Mirandavirinae.pkl,1.0,0.9987730061349694,1.0,1.0,1.0,1.0,1.0,1.0,1.0,1.0
7,focal,Subfamily,Mimasvirinae,7,models/Subfamily_bg/Mimasvirinae.pkl,1.0,1.0,1.0,1.0,1.0,1.0,1.0,1.0,1.0,1.0
7,focal,Subfamily,Migulavirinae,7,models/Subfamily_bg/Migulavirinae.pkl,0.9985632183908046,0.9987654320987656,1.0,0.9985590778097982,1.0,0.9992790194664743,1.0,0.6666666666666666,0.8,1.0
7,focal,Subfamily,Melnykvirinae,7,models/Subfamily_bg/Melnykvirinae.pkl,0.9956896551724138,0.9950844505036734,0.9995658465991317,0.9956772334293948,1.0,0.9978339350180505,1.0,0.4,0.5714285714285715,0.9428571428571428
7,focal,Subfamily,Rhodovirinae,7,models/Subfamily_bg/Rhodovirinae.pkl,1.0,0.9987730061349694,1.0,1.0,1.0,1.0,1.0,1.0,1.0,1.0
7,focal,Subfamily,Rocinantevirinae,7,models/Subfamily_bg/Rocinantevirinae.pkl,1.0,1.0,1.0,1.0,1.0,1.0,1.0,1.0,1.0,1.0
7,focal,Subfamily,Rogunavirinae,7,models/Subfamily_bg/Rogunavirinae.pkl,0.9985632183908046,1.0,1.0,0.9985569985569985,1.0,0.9992779783393501,1.0,0.75,0.8571428571428571,1.0
7,focal,Subfamily,Rothmandenesvirinae,7,models/Subfamily_bg/Rothmandenesvirinae.pkl,0.9985632183908046,0.9938574566386429,1.0,0.9985549132947977,1.0,0.9992769342010123,1.0,0.8,0.888888888888889,1.0
7,focal,Subfamily,Weiservirinae_2,7,models/Subfamily_bg/Weiservirinae_2.pkl,1.0,1.0,1.0,1.0,1.0,1.0,1.0,1.0,1.0,1.0
7,focal,Subfamily,Weiservirinae_1,7,models/Subfamily_bg/Weiservirinae_1.pkl,0.9985632183908046,0.9975384382337348,1.0,0.9985422740524781,1.0,0.99927060539752,1.0,0.9090909090909091,0.9523809523809523,1.0
7,focal,Subfamily,Vequintavirinae_1,7,models/Subfamily_bg/Vequintavirinae_1.pkl,1.0,0.9987730061349694,1.0,1.0,1.0,1.0,1.0,1.0,1.0,1.0
7,focal,Subfamily,Vanthvirinae,7,models/Subfamily_bg/Vanthvirinae.pkl,1.0,1.0,1.0,1.0,1.0,1.0,1.0,1.0,1.0,1.0
7,focal,Subfamily,Umbrielvirinae,7,models/Subfamily_bg/Umbrielvirinae.pkl,1.0,1.0,1.0,1.0,1.0,1.0,1.0,1.0,1.0,1.0
7,focal,Subfamily,Twortvirinae,7,models/Subfamily_bg/Twortvirinae.pkl,0.9971264367816092,0.9987654320987656,1.0,0.9971056439942113,1.0,0.9985507246376812,1.0,0.7142857142857143,0.8333333333333333,0.9999999999999998
7,focal,Subfamily,Twarogvirinae,7,models/Subfamily_bg/Twarogvirinae.pkl,0.9985632183908046,0.9975384382337348,1.0,0.9985590778097982,1.0,0.9992790194664743,1.0,0.6666666666666666,0.8,1.0
7,focal,Subfamily,Tritonvirinae,7,models/Subfamily_bg/Tritonvirinae.pkl,0.9971264367816092,0.9950768764674696,1.0,0.9971056439942113,1.0,0.9985507246376812,1.0,0.7142857142857143,0.8333333333333333,1.0
7,focal,Subfamily,Titanvirinae,7,models/Subfamily_bg/Titanvirinae.pkl,0.9956896551724138,0.9975384382337348,1.0,0.9956011730205279,1.0,0.9977957384276267,1.0,0.8235294117647058,0.9032258064516129,1.0
7,focal,Subfamily,Titaniavirinae,7,models/Subfamily_bg/Titaniavirinae.pkl,1.0,1.0,1.0,1.0,1.0,1.0,1.0,1.0,1.0,1.0
7,focal,Subfamily,Threxiavirinae,7,models/Subfamily_bg/Threxiavirinae.pkl,1.0,0.9913883208361736,1.0,1.0,1.0,1.0,1.0,1.0,1.0,1.0
7,focal,Subfamily,Tevenvirinae,7,models/Subfamily_bg/Tevenvirinae.pkl,0.9770114942528736,0.9987730061349694,0.9999514916323066,0.9765051395007343,1.0,0.9881129271916791,1.0,0.4838709677419355,0.6521739130434783,0.9980449657869013
7,focal,Subfamily,Tethysvirinae,7,models/Subfamily_bg/Tethysvirinae.pkl,1.0,0.9987730061349694,1.0,1.0,1.0,1.0,1.0,1.0,1.0,1.0
7,focal,Subfamily,Tempevirinae_1,7,models/Subfamily_bg/Tempevirinae_1.pkl,0.985632183908046,1.0,1.0,0.9854439592430859,1.0,0.9926686217008798,1.0,0.47368421052631576,0.6428571428571429,0.9999999999999998
7,focal,Subfamily,Sycoraxvirinae,7,models/Subfamily_bg/Sycoraxvirinae.pkl,0.9985632183908046,0.9901689010073469,1.0,0.9985611510791367,1.0,0.9992800575953923,1.0,0.5,0.6666666666666666,1.0
7,focal,Subfamily,Studiervirinae_1,7,models/Subfamily_bg/Studiervirinae_1.pkl,0.9899425287356322,0.9987654320987656,1.0,0.9896142433234422,1.0,0.9947800149142431,1.0,0.7586206896551724,0.8627450980392156,1.0000000000000002
7,focal,Subfamily,Stephanstirmvirinae,7,models/Subfamily_bg/Stephanstirmvirinae.pkl,1.0,0.9987654320987656,1.0,1.0,1.0,1.0,1.0,1.0,1.0,1.0
7,focal,Subfamily,Staniewskivirinae,7,models/Subfamily_bg/Staniewskivirinae.pkl,0.9985632183908046,1.0,1.0,0.9985611510791367,1.0,0.9992800575953923,1.0,0.5,0.6666666666666666,1.0
7,focal,Subfamily,Slopekvirinae,7,models/Subfamily_bg/Slopekvirinae.pkl,0.9942528735632183,0.9987730061349694,1.0,0.9942112879884226,1.0,0.9970972423802613,1.0,0.5555555555555556,0.7142857142857143,1.0
7,focal,Subfamily,Skurskavirinae,7,models/Subfamily_bg/Skurskavirinae.pkl,0.9971264367816092,0.9975384382337348,1.0,0.9971223021582734,1.0,0.9985590778097982,1.0,0.3333333333333333,0.5,1.0
7,focal,Subfamily,Sepvirinae,7,models/Subfamily_bg/Sepvirinae.pkl,0.9985632183908046,1.0,1.0,0.9985569985569985,1.0,0.9992779783393501,1.0,0.75,0.8571428571428571,1.0
7,focal,Subfamily,Sejongvirinae,7,models/Subfamily_bg/Sejongvirinae.pkl,0.9985632183908046,0.9987654320987656,1.0,0.9985590778097982,1.0,0.9992790194664743,1.0,0.6666666666666666,0.8,1.0
7,focal,Subfamily,Sechaudvirinae_1,7,models/Subfamily_bg/Sechaudvirinae_1.pkl,0.9985632183908046,0.996311444368704,1.0,0.9985590778097982,1.0,0.9992790194664743,1.0,0.6666666666666666,0.8,1.0
7,focal,Subfamily,Sarlesvirinae_1,7,models/Subfamily_bg/Sarlesvirinae_1.pkl,1.0,1.0,1.0,1.0,1.0,1.0,1.0,1.0,1.0,1.0
7,focal,Subfamily,Sanchovirinae,7,models/Subfamily_bg/Sanchovirinae.pkl,0.9956896551724138,0.9913883208361736,0.9983164983164983,0.9956896551724138,1.0,0.9978401727861772,0.0,0.0,0.0,0.5888888888888889
7,focal,Subfamily,Mccleskeyvirinae,7,models/Subfamily_bg/Mccleskeyvirinae.pkl,1.0,1.0,1.0000000000000002,1.0,1.0,1.0,1.0,1.0,1.0,1.0
7,focal,Subfamily,Markadamsvirinae,7,models/Subfamily_bg/Markadamsvirinae.pkl,1.0,0.9975308641975309,1.0,1.0,1.0,1.0,1.0,1.0,1.0,1.0
7,focal,Subfamily,Loutivirinae,7,models/Subfamily_bg/Loutivirinae.pkl,0.9985632183908046,0.9987730061349694,1.0,0.9985549132947977,1.0,0.9992769342010123,1.0,0.8,0.888888888888889,1.0
7,focal,Subfamily,Emilbogenvirinae,7,models/Subfamily_bg/Emilbogenvirinae.pkl,1.0,1.0,1.0,1.0,1.0,1.0,1.0,1.0,1.0,1.0
7,focal,Subfamily,Dulcineavirinae,7,models/Subfamily_bg/Dulcineavirinae.pkl,1.0,1.0,1.0,1.0,1.0,1.0,1.0,1.0,1.0,0.9999999999999998
7,focal,Subfamily,Dionevirinae,7,models/Subfamily_bg/Dionevirinae.pkl,1.0,0.9987730061349694,1.0,1.0,1.0,1.0,1.0,1.0,1.0,1.0
7,focal,Subfamily,Despinavirinae,7,models/Subfamily_bg/Despinavirinae.pkl,1.0,0.9975384382337348,1.0,1.0,1.0,1.0,1.0,1.0,1.0,1.0
7,focal,Subfamily,Deejayvirinae,7,models/Subfamily_bg/Deejayvirinae.pkl,1.0,1.0,1.0,1.0,1.0,1.0,1.0,1.0,1.0,1.0
7,focal,Subfamily,Cvivirinae,7,models/Subfamily_bg/Cvivirinae.pkl,0.9985632183908046,1.0,1.0,0.9985401459854014,1.0,0.9992695398100804,1.0,0.9166666666666666,0.9565217391304348,1.0
7,focal,Subfamily,Crudevirinae,7,models/Subfamily_bg/Crudevirinae.pkl,1.0,0.9975384382337348,1.0,1.0,1.0,1.0,1.0,1.0,1.0,1.0
7,focal,Subfamily,Cleopatravirinae,7,models/Subfamily_bg/Cleopatravirinae.pkl,1.0,1.0,1.0,1.0,1.0,1.0,1.0,1.0,1.0,1.0
7,focal,Subfamily,Charonvirinae,7,models/Subfamily_bg/Charonvirinae.pkl,0.9985632183908046,1.0,1.0,0.9985549132947977,1.0,0.9992769342010123,1.0,0.8,0.888888888888889,1.0
7,focal,Subfamily,Ceeclamvirinae_2,7,models/Subfamily_bg/Ceeclamvirinae_2.pkl,1.0,1.0,1.0,1.0,1.0,1.0,1.0,1.0,1.0,1.0
7,focal,Subfamily,Carpovirinae,7,models/Subfamily_bg/Carpovirinae.pkl,1.0,0.9987730061349694,1.0,1.0,1.0,1.0,1.0,1.0,1.0,1.0
7,focal,Subfamily,Callistovirinae,7,models/Subfamily_bg/Callistovirinae.pkl,0.9841954022988506,1.0,1.0,0.984081041968162,1.0,0.9919766593727206,1.0,0.3125,0.47619047619047616,1.0
7,focal,Subfamily,Bronfenbrennervirinae_2,7,models/Subfamily_bg/Bronfenbrennervirinae_2.pkl,0.9985632183908046,0.9987730061349694,1.0,0.9985611510791367,1.0,0.9992800575953923,1.0,0.5,0.6666666666666666,1.0
7,focal,Subfamily,Bronfenbrennervirinae_1,7,models/Subfamily_bg/Bronfenbrennervirinae_1.pkl,1.0,0.9963038703325001,1.0,1.0,1.0,1.0,1.0,1.0,1.0,1.0
7,focal,Subfamily,Boydwoodruffvirinae,7,models/Subfamily_bg/Boydwoodruffvirinae.pkl,1.0,1.0,1.0,1.0,1.0,1.0,1.0,1.0,1.0,1.0
7,focal,Subfamily,Beijerinckvirinae_1,7,models/Subfamily_bg/Beijerinckvirinae_1.pkl,1.0,0.9987654320987656,1.0,1.0,1.0,1.0,1.0,1.0,1.0,1.0
7,focal,Subfamily,Bclasvirinae_1,7,models/Subfamily_bg/Bclasvirinae_1.pkl,0.9956896551724138,0.9975384382337348,0.9995853203400373,0.998546511627907,0.9970972423802612,0.9978213507625272,0.75,0.8571428571428571,0.7999999999999999,0.9682539682539681
7,focal,Subfamily,Bastillevirinae_3,7,models/Subfamily_bg/Bastillevirinae_3.pkl,1.0,0.9987730061349694,1.0,1.0,1.0,1.0,1.0,1.0,1.0,1.0
7,focal,Subfamily,Bastillevirinae_2,7,models/Subfamily_bg/Bastillevirinae_2.pkl,1.0,0.9987654320987656,1.0,1.0,1.0,1.0,1.0,1.0,1.0,1.0
7,focal,Subfamily,Bastillevirinae_1,7,models/Subfamily_bg/Bastillevirinae_1.pkl,0.9985632183908046,0.9926304627736119,1.0,0.9985590778097982,1.0,0.9992790194664743,1.0,0.6666666666666666,0.8,1.0
7,focal,Subfamily,Azeredovirinae_2,7,models/Subfamily_bg/Azeredovirinae_2.pkl,0.9985632183908046,0.9987654320987656,1.0,0.9985569985569985,1.0,0.9992779783393501,1.0,0.75,0.8571428571428571,1.0
7,focal,Subfamily,Azeredovirinae_1,7,models/Subfamily_bg/Azeredovirinae_1.pkl,0.9985632183908046,0.9938574566386429,1.0,0.9985549132947977,1.0,0.9992769342010123,1.0,0.8,0.888888888888889,1.0
7,focal,Subfamily,Azeevirinae,7,models/Subfamily_bg/Azeevirinae.pkl,1.0,0.9987730061349694,1.0,1.0,1.0,1.0,1.0,1.0,1.0,1.0
7,focal,Subfamily,Asinivirinae_1,7,models/Subfamily_bg/Asinivirinae_1.pkl,1.0,0.9987654320987656,1.0,1.0,1.0,1.0,1.0,1.0,1.0,1.0
7,focal,Subfamily,Arquatrovirinae,7,models/Subfamily_bg/Arquatrovirinae.pkl,1.0,1.0,1.0,1.0,1.0,1.0,1.0,1.0,1.0,1.0000000000000002
7,focal,Subfamily,Arielvirinae,7,models/Subfamily_bg/Arielvirinae.pkl,1.0,1.0,1.0,1.0,1.0,1.0,1.0,1.0,1.0,1.0
7,focal,Subfamily,Dysnomiavirinae,7,models/Subfamily_bg/Dysnomiavirinae.pkl,1.0,1.0,1.0,1.0,1.0,1.0,1.0,1.0,1.0,1.0
7,focal,Subfamily,Enceladusvirinae,7,models/Subfamily_bg/Enceladusvirinae.pkl,1.0,1.0,1.0,1.0,1.0,1.0,1.0,1.0,1.0,1.0
7,focal,Subfamily,Loccivirinae,7,models/Subfamily_bg/Loccivirinae.pkl,1.0,1.0,1.0,1.0,1.0,1.0,1.0,1.0,1.0,1.0
7,focal,Subfamily,Enquatrovirinae,7,models/Subfamily_bg/Enquatrovirinae.pkl,1.0,0.9987730061349694,1.0,1.0,1.0,1.0,1.0,1.0,1.0,1.0
7,focal,Subfamily,Lclasvirinae,7,models/Subfamily_bg/Lclasvirinae.pkl,1.0,1.0,1.0,1.0,1.0,1.0,1.0,1.0,1.0,1.0
7,focal,Subfamily,Larissavirinae,7,models/Subfamily_bg/Larissavirinae.pkl,0.9985632183908046,1.0,0.9985590778097982,0.9985611510791367,1.0,0.9992800575953923,1.0,0.5,0.6666666666666666,0.75
7,focal,Subfamily,Krylovirinae,7,models/Subfamily_bg/Krylovirinae.pkl,1.0,0.9975460122699387,1.0,1.0,1.0,1.0,1.0,1.0,1.0,1.0
7,focal,Subfamily,Kantovirinae,7,models/Subfamily_bg/Kantovirinae.pkl,1.0,0.9987730061349694,1.0,1.0,1.0,1.0,1.0,1.0,1.0,1.0
7,focal,Subfamily,Joanripponvirinae,7,models/Subfamily_bg/Joanripponvirinae.pkl,1.0,0.9987654320987656,1.0,1.0,1.0,1.0,1.0,1.0,1.0,1.0
7,focal,Subfamily,Jasinskavirinae,7,models/Subfamily_bg/Jasinskavirinae.pkl,1.0,1.0,1.0,1.0,1.0,1.0,1.0,1.0,1.0,1.0
7,focal,Subfamily,Janusvirinae,7,models/Subfamily_bg/Janusvirinae.pkl,0.9985632183908046,0.996311444368704,1.0,0.9985611510791367,1.0,0.9992800575953923,1.0,0.5,0.6666666666666666,1.0
7,focal,Subfamily,Iovirinae,7,models/Subfamily_bg/Iovirinae.pkl,1.0,0.9987730061349694,1.0,1.0,1.0,1.0,1.0,1.0,1.0,0.9999999999999998
7,focal,Subfamily,Ilmarëvirinae,7,models/Subfamily_bg/Ilmarëvirinae.pkl,0.9985632183908046,0.9975460122699387,1.0,0.9985590778097982,1.0,0.9992790194664743,1.0,0.6666666666666666,0.8,1.0
7,focal,Subfamily,Iiscvirinae,7,models/Subfamily_bg/Iiscvirinae.pkl,0.9985632183908046,0.9987654320987656,1.0,0.9985611510791367,1.0,0.9992800575953923,1.0,0.5,0.6666666666666666,1.0
7,focal,Subfamily,Iapetusvirinae,7,models/Subfamily_bg/Iapetusvirinae.pkl,1.0,1.0,1.0,1.0,1.0,1.0,1.0,1.0,1.0,1.0
7,focal,Subfamily,Hyperionvirinae,7,models/Subfamily_bg/Hyperionvirinae.pkl,0.9971264367816092,0.9987654320987656,1.0,0.9971264367816092,1.0,0.9985611510791367,0.0,0.0,0.0,1.0
7,focal,Subfamily,Himaliavirinae,7,models/Subfamily_bg/Himaliavirinae.pkl,0.9985632183908046,0.9987730061349694,1.0,0.9985611510791367,1.0,0.9992800575953923,1.0,0.5,0.6666666666666666,1.0
7,focal,Subfamily,Hi'iakavirinae,7,models/Subfamily_bg/Hi'iakavirinae.pkl,1.0,1.0,1.0,1.0,1.0,1.0,1.0,1.0,1.0,1.0
7,focal,Subfamily,Hendrixvirinae_1,7,models/Subfamily_bg/Hendrixvirinae_1.pkl,0.9985632183908046,1.0,1.0,0.9985590778097982,1.0,0.9992790194664743,1.0,0.6666666666666666,0.8,1.0
7,focal,Subfamily,Guernseyvirinae_1,7,models/Subfamily_bg/Guernseyvirinae_1.pkl,1.0,1.0,1.0,1.0,1.0,1.0,1.0,1.0,1.0,1.0
7,focal,Subfamily,Guarnerosvirinae,7,models/Subfamily_bg/Guarnerosvirinae.pkl,0.9971264367816092,0.993842308566235,0.9963924963924964,0.9971223021582734,1.0,0.9985590778097982,1.0,0.3333333333333333,0.5,0.7380952380952381
7,focal,Subfamily,Gracegardnervirinae_2,7,models/Subfamily_bg/Gracegardnervirinae_2.pkl,0.9985632183908046,0.992622888737408,1.0,0.9985611510791367,1.0,0.9992800575953923,1.0,0.5,0.6666666666666666,1.0
7,focal,Subfamily,Gracegardnervirinae_1,7,models/Subfamily_bg/Gracegardnervirinae_1.pkl,1.0,1.0,1.0,1.0,1.0,1.0,1.0,1.0,1.0,1.0000000000000002
7,focal,Subfamily,Gordonclarkvirinae,7,models/Subfamily_bg/Gordonclarkvirinae.pkl,1.0,1.0,1.0,1.0,1.0,1.0,1.0,1.0,1.0,1.0
7,focal,Subfamily,Gclasvirinae,7,models/Subfamily_bg/Gclasvirinae.pkl,1.0,0.9987730061349694,1.0,1.0,1.0,1.0,1.0,1.0,1.0,1.0
7,focal,Subfamily,Ganymedevirinae,7,models/Subfamily_bg/Ganymedevirinae.pkl,1.0,1.0,1.0,1.0,1.0,1.0,1.0,1.0,1.0,1.0
7,focal,Subfamily,Galateavirinae,7,models/Subfamily_bg/Galateavirinae.pkl,1.0,1.0,1.0,1.0,1.0,1.0,1.0,1.0,1.0,1.0
7,focal,Subfamily,Europavirinae,7,models/Subfamily_bg/Europavirinae.pkl,0.9942528735632183,0.9938347345300311,1.0,0.9942196531791907,1.0,0.9971014492753623,1.0,0.5,0.6666666666666666,1.0
7,focal,Subfamily,Ermolyevavirinae,7,models/Subfamily_bg/Ermolyevavirinae.pkl,1.0,0.9987654320987656,1.0,1.0,1.0,1.0,1.0,1.0,1.0,1.0
7,focal,Subfamily,Weywotvirinae,7,models/Subfamily_bg/Weywotvirinae.pkl,1.0,0.9987654320987656,1.0,1.0,1.0,1.0,1.0,1.0,1.0,1.0
10,focal,Subfamily,Arielvirinae,10,models/Subfamily_bg/Arielvirinae.pkl,1.0,0.9988505747126437,1.0,1.0,1.0,1.0,1.0,1.0,1.0,1.0
10,focal,Subfamily,Ounavirinae,10,models/Subfamily_bg/Ounavirinae.pkl,1.0,1.0,1.0,1.0,1.0,1.0,1.0,1.0,1.0,1.0
10,focal,Subfamily,Rocinantevirinae,10,models/Subfamily_bg/Rocinantevirinae.pkl,1.0,0.9977011494252874,1.0,1.0,1.0,1.0,1.0,1.0,1.0,1.0
10,focal,Subfamily,Rheavirinae,10,models/Subfamily_bg/Rheavirinae.pkl,1.0,0.993103448275862,1.0,1.0,1.0,1.0,1.0,1.0,1.0,1.0
10,focal,Subfamily,Rakietenvirinae_1,10,models/Subfamily_bg/Rakietenvirinae_1.pkl,1.0,1.0,1.0,1.0,1.0,1.0,1.0,1.0,1.0,1.0
10,focal,Subfamily,Rabinowitzvirinae,10,models/Subfamily_bg/Rabinowitzvirinae.pkl,1.0,1.0,1.0,1.0,1.0,1.0,1.0,1.0,1.0,1.0
10,focal,Subfamily,Quijotevirinae,10,models/Subfamily_bg/Quijotevirinae.pkl,1.0,1.0,1.0,1.0,1.0,1.0,1.0,1.0,1.0,1.0
10,focal,Subfamily,Proteusvirinae,10,models/Subfamily_bg/Proteusvirinae.pkl,1.0,1.0,1.0,1.0,1.0,1.0,1.0,1.0,1.0,1.0
10,focal,Subfamily,Polydeucesvirinae,10,models/Subfamily_bg/Polydeucesvirinae.pkl,1.0,0.9988505747126437,1.0,1.0,1.0,1.0,1.0,1.0,1.0,1.0
10,focal,Subfamily,Pclasvirinae,10,models/Subfamily_bg/Pclasvirinae.pkl,0.9971264367816092,1.0,1.0,0.9971181556195965,1.0,0.9985569985569985,1.0,0.5,0.6666666666666666,1.0
10,focal,Subfamily,Oberonvirinae,10,models/Subfamily_bg/Oberonvirinae.pkl,1.0,1.0,1.0,1.0,1.0,1.0,1.0,1.0,1.0,1.0
10,focal,Subfamily,Rothmandenesvirinae,10,models/Subfamily_bg/Rothmandenesvirinae.pkl,0.9985632183908046,0.9862068965517242,1.0,0.9985549132947977,1.0,0.9992769342010123,1.0,0.8,0.888888888888889,1.0
10,focal,Subfamily,Nymbaxtervirinae,10,models/Subfamily_bg/Nymbaxtervirinae.pkl,1.0,0.9988505747126437,1.0,1.0,1.0,1.0,1.0,1.0,1.0,1.0
10,focal,Subfamily,Northropvirinae,10,models/Subfamily_bg/Northropvirinae.pkl,1.0,1.0,1.0,1.0,1.0,1.0,1.0,1.0,1.0,1.0
10,focal,Subfamily,Nereidvirinae,10,models/Subfamily_bg/Nereidvirinae.pkl,1.0,1.0,1.0,1.0,1.0,1.0,1.0,1.0,1.0,1.0
10,focal,Subfamily,Neraxisvirinae,10,models/Subfamily_bg/Neraxisvirinae.pkl,0.9985632183908046,0.9954022988505746,1.0,0.9985590778097982,1.0,0.9992790194664743,1.0,0.6666666666666666,0.8,1.0
10,focal,Subfamily,Nclasvirinae,10,models/Subfamily_bg/Nclasvirinae.pkl,1.0,1.0,1.0,1.0,1.0,1.0,1.0,1.0,1.0,1.0
10,focal,Subfamily,Moonvirinae,10,models/Subfamily_bg/Moonvirinae.pkl,0.9956896551724138,0.9977011494252874,0.9997813411078718,0.9956458635703919,1.0,0.9978181818181818,1.0,0.7,0.8235294117647058,0.9833333333333333
10,focal,Subfamily,Molineuxvirinae,10,models/Subfamily_bg/Molineuxvirinae.pkl,1.0,0.9942528735632183,1.0,1.0,1.0,1.0,1.0,1.0,1.0,1.0
10,focal,Subfamily,Mirandavirinae,10,models/Subfamily_bg/Mirandavirinae.pkl,1.0,0.9988505747126437,1.0,1.0,1.0,1.0,1.0,1.0,1.0,1.0
10,focal,Subfamily,Rogunavirinae,10,models/Subfamily_bg/Rogunavirinae.pkl,0.9985632183908046,0.9988505747126437,1.0,0.9985569985569985,1.0,0.9992779783393501,1.0,0.75,0.8571428571428571,1.0
10,focal,Subfamily,Sanchovirinae,10,models/Subfamily_bg/Sanchovirinae.pkl,0.9956896551724138,0.9885057471264368,0.9956709956709957,0.9956896551724138,1.0,0.9978401727861772,0.0,0.0,0.0,0.6324786324786326
10,focal,Subfamily,Migulavirinae,10,models/Subfamily_bg/Migulavirinae.pkl,0.9985632183908046,0.9977011494252874,1.0,0.9985590778097982,1.0,0.9992790194664743,1.0,0.6666666666666666,0.8,1.0
10,focal,Subfamily,Tevenvirinae,10,models/Subfamily_bg/Tevenvirinae.pkl,0.9841954022988506,1.0,1.0,0.9837278106508875,1.0,0.9917971662938105,1.0,0.6451612903225806,0.7843137254901961,0.9999999999999998
10,focal,Subfamily,Vequintavirinae_1,10,models/Subfamily_bg/Vequintavirinae_1.pkl,1.0,1.0,1.0,1.0,1.0,1.0,1.0,1.0,1.0,1.0
10,focal,Subfamily,Vanthvirinae,10,models/Subfamily_bg/Vanthvirinae.pkl,1.0,1.0,1.0,1.0,1.0,1.0,1.0,1.0,1.0,1.0
10,focal,Subfamily,Umbrielvirinae,10,models/Subfamily_bg/Umbrielvirinae.pkl,1.0,1.0,1.0,1.0,1.0,1.0,1.0,1.0,1.0,1.0
10,focal,Subfamily,Twortvirinae,10,models/Subfamily_bg/Twortvirinae.pkl,0.9971264367816092,0.9988505747126437,1.0,0.9971056439942113,1.0,0.9985507246376812,1.0,0.7142857142857143,0.8333333333333333,0.9999999999999998
10,focal,Subfamily,Twarogvirinae,10,models/Subfamily_bg/Twarogvirinae.pkl,1.0,1.0,1.0,1.0,1.0,1.0,1.0,1.0,1.0,1.0
10,focal,Subfamily,Tritonvirinae,10,models/Subfamily_bg/Tritonvirinae.pkl,0.9971264367816092,1.0,0.999377980510056,0.9985486211901307,0.9985486211901307,0.9985486211901307,0.8571428571428571,0.8571428571428571,0.8571428571428571,0.947845804988662
10,focal,Subfamily,Titanvirinae,10,models/Subfamily_bg/Titanvirinae.pkl,1.0,0.9977011494252874,1.0,1.0,1.0,1.0,1.0,1.0,1.0,1.0
10,focal,Subfamily,Titaniavirinae,10,models/Subfamily_bg/Titaniavirinae.pkl,1.0,1.0,1.0,1.0,1.0,1.0,1.0,1.0,1.0,0.9999999999999998
10,focal,Subfamily,Tethysvirinae,10,models/Subfamily_bg/Tethysvirinae.pkl,1.0,0.9988505747126437,1.0,1.0,1.0,1.0,1.0,1.0,1.0,1.0
10,focal,Subfamily,Sarlesvirinae_1,10,models/Subfamily_bg/Sarlesvirinae_1.pkl,1.0,1.0,1.0,1.0,1.0,1.0,1.0,1.0,1.0,1.0
10,focal,Subfamily,Tempevirinae_1,10,models/Subfamily_bg/Tempevirinae_1.pkl,0.9956896551724138,0.9988505747126437,1.0,0.9955882352941177,1.0,0.997789240972734,1.0,0.8421052631578947,0.9142857142857143,1.0
10,focal,Subfamily,Studiervirinae_1,10,models/Subfamily_bg/Studiervirinae_1.pkl,0.9985632183908046,0.9988505747126437,1.0,0.9985029940119761,1.0,0.9992509363295881,1.0,0.9655172413793104,0.9824561403508771,1.0
10,focal,Subfamily,Stephanstirmvirinae,10,models/Subfamily_bg/Stephanstirmvirinae.pkl,1.0,0.9977011494252874,1.0,1.0,1.0,1.0,1.0,1.0,1.0,1.0
10,focal,Subfamily,Slopekvirinae,10,models/Subfamily_bg/Slopekvirinae.pkl,1.0,0.9919540229885058,1.0,1.0,1.0,1.0,1.0,1.0,1.0,1.0000000000000002
10,focal,Subfamily,Skurskavirinae,10,models/Subfamily_bg/Skurskavirinae.pkl,0.9985632183908046,0.9988505747126437,1.0,0.9985590778097982,1.0,0.9992790194664743,1.0,0.6666666666666666,0.8,1.0
10,focal,Subfamily,Sepvirinae,10,models/Subfamily_bg/Sepvirinae.pkl,1.0,1.0,1.0,1.0,1.0,1.0,1.0,1.0,1.0,1.0
10,focal,Subfamily,Sejongvirinae,10,models/Subfamily_bg/Sejongvirinae.pkl,1.0,1.0,1.0,1.0,1.0,1.0,1.0,1.0,1.0,1.0
10,focal,Subfamily,Sechaudvirinae_1,10,models/Subfamily_bg/Sechaudvirinae_1.pkl,1.0,1.0,1.0,1.0,1.0,1.0,1.0,1.0,1.0,1.0
10,focal,Subfamily,Mimasvirinae,10,models/Subfamily_bg/Mimasvirinae.pkl,1.0,1.0,1.0,1.0,1.0,1.0,1.0,1.0,1.0,1.0
10,focal,Subfamily,Melnykvirinae,10,models/Subfamily_bg/Melnykvirinae.pkl,0.9985632183908046,0.9942528735632183,1.0,0.9985549132947977,1.0,0.9992769342010123,1.0,0.8,0.888888888888889,1.0
10,focal,Subfamily,Arquatrovirinae,10,models/Subfamily_bg/Arquatrovirinae.pkl,1.0,1.0,1.0,1.0,1.0,1.0,1.0,1.0,1.0,1.0000000000000002
10,focal,Subfamily,Ceeclamvirinae_2,10,models/Subfamily_bg/Ceeclamvirinae_2.pkl,1.0,1.0,1.0,1.0,1.0,1.0,1.0,1.0,1.0,1.0
10,focal,Subfamily,Emilbogenvirinae,10,models/Subfamily_bg/Emilbogenvirinae.pkl,1.0,1.0,1.0,1.0,1.0,1.0,1.0,1.0,1.0,1.0
10,focal,Subfamily,Dysnomiavirinae,10,models/Subfamily_bg/Dysnomiavirinae.pkl,1.0,1.0,1.0,1.0,1.0,1.0,1.0,1.0,1.0,1.0
10,focal,Subfamily,Dulcineavirinae,10,models/Subfamily_bg/Dulcineavirinae.pkl,1.0,1.0,1.0,1.0,1.0,1.0,1.0,1.0,1.0,1.0
10,focal,Subfamily,Dionevirinae,10,models/Subfamily_bg/Dionevirinae.pkl,1.0,0.9954022988505746,1.0,1.0,1.0,1.0,1.0,1.0,1.0,1.0
10,focal,Subfamily,Deejayvirinae,10,models/Subfamily_bg/Deejayvirinae.pkl,1.0,1.0,1.0,1.0,1.0,1.0,1.0,1.0,1.0,1.0
10,focal,Subfamily,Cvivirinae,10,models/Subfamily_bg/Cvivirinae.pkl,0.9985632183908046,1.0,1.0,0.9985401459854014,1.0,0.9992695398100804,1.0,0.9166666666666666,0.9565217391304348,1.0
10,focal,Subfamily,Crudevirinae,10,models/Subfamily_bg/Crudevirinae.pkl,1.0,1.0,1.0,1.0,1.0,1.0,1.0,1.0,1.0,1.0
10,focal,Subfamily,Charonvirinae,10,models/Subfamily_bg/Charonvirinae.pkl,0.9985632183908046,1.0,1.0,0.9985549132947977,1.0,0.9992769342010123,1.0,0.8,0.888888888888889,1.0
10,focal,Subfamily,Callistovirinae,10,models/Subfamily_bg/Callistovirinae.pkl,0.992816091954023,0.9988505747126437,1.0,0.9927007299270073,1.0,0.9963369963369962,1.0,0.6875,0.8148148148148148,1.0
10,focal,Subfamily,Enquatrovirinae,10,models/Subfamily_bg/Enquatrovirinae.pkl,1.0,0.9988505747126437,1.0,1.0,1.0,1.0,1.0,1.0,1.0,1.0
10,focal,Subfamily,Bronfenbrennervirinae_1,10,models/Subfamily_bg/Bronfenbrennervirinae_1.pkl,0.9985632183908046,0.9988505747126437,1.0,1.0,0.9985569985569985,0.9992779783393501,0.75,1.0,0.8571428571428571,1.0
10,focal,Subfamily,Boydwoodruffvirinae,10,models/Subfamily_bg/Boydwoodruffvirinae.pkl,1.0,1.0,1.0,1.0,1.0,1.0,1.0,1.0,1.0,1.0
10,focal,Subfamily,Beijerinckvirinae_1,10,models/Subfamily_bg/Beijerinckvirinae_1.pkl,1.0,0.9988505747126437,1.0,1.0,1.0,1.0,1.0,1.0,1.0,1.0
10,focal,Subfamily,Bclasvirinae_1,10,models/Subfamily_bg/Bclasvirinae_1.pkl,0.9956896551724138,1.0,0.999377980510056,0.998546511627907,0.9970972423802612,0.9978213507625272,0.75,0.8571428571428571,0.7999999999999999,0.9274376417233559
10,focal,Subfamily,Bastillevirinae_1,10,models/Subfamily_bg/Bastillevirinae_1.pkl,0.9956896551724138,1.0,0.9995189995189995,1.0,0.9956709956709957,0.9978308026030369,0.5,1.0,0.6666666666666666,0.9166666666666665
10,focal,Subfamily,Azeredovirinae_2,10,models/Subfamily_bg/Azeredovirinae_2.pkl,0.9985632183908046,0.9873563218390805,1.0,0.9985569985569985,1.0,0.9992779783393501,1.0,0.75,0.8571428571428571,1.0
10,focal,Subfamily,Azeredovirinae_1,10,models/Subfamily_bg/Azeredovirinae_1.pkl,1.0,0.9862068965517242,1.0,1.0,1.0,1.0,1.0,1.0,1.0,1.0
10,focal,Subfamily,Azeevirinae,10,models/Subfamily_bg/Azeevirinae.pkl,1.0,0.9988505747126437,1.0,1.0,1.0,1.0,1.0,1.0,1.0,1.0
10,focal,Subfamily,Enceladusvirinae,10,models/Subfamily_bg/Enceladusvirinae.pkl,1.0,1.0,1.0,1.0,1.0,1.0,1.0,1.0,1.0,1.0
10,focal,Subfamily,Ermolyevavirinae,10,models/Subfamily_bg/Ermolyevavirinae.pkl,1.0,0.9988505747126437,0.9999999999999999,1.0,1.0,1.0,1.0,1.0,1.0,1.0
10,focal,Subfamily,Mccleskeyvirinae,10,models/Subfamily_bg/Mccleskeyvirinae.pkl,1.0,1.0,1.0,1.0,1.0,1.0,1.0,1.0,1.0,1.0
10,focal,Subfamily,Iiscvirinae,10,models/Subfamily_bg/Iiscvirinae.pkl,1.0,0.9988505747126437,1.0,1.0,1.0,1.0,1.0,1.0,1.0,1.0
10,focal,Subfamily,Markadamsvirinae,10,models/Subfamily_bg/Markadamsvirinae.pkl,0.9985632183908046,0.9977011494252874,1.0,0.9985315712187959,1.0,0.9992652461425422,1.0,0.9375,0.967741935483871,1.0
10,focal,Subfamily,Loutivirinae,10,models/Subfamily_bg/Loutivirinae.pkl,1.0,1.0,1.0,1.0,1.0,1.0,1.0,1.0,1.0,1.0
10,focal,Subfamily,Lclasvirinae,10,models/Subfamily_bg/Lclasvirinae.pkl,1.0,1.0,1.0,1.0,1.0,1.0,1.0,1.0,1.0,1.0
10,focal,Subfamily,Krylovirinae,10,models/Subfamily_bg/Krylovirinae.pkl,1.0,0.9965517241379309,1.0,1.0,1.0,1.0,1.0,1.0,1.0,1.0
10,focal,Subfamily,Joanripponvirinae,10,models/Subfamily_bg/Joanripponvirinae.pkl,1.0,0.9988505747126437,1.0,1.0,1.0,1.0,1.0,1.0,1.0,1.0
10,focal,Subfamily,Jasinskavirinae,10,models/Subfamily_bg/Jasinskavirinae.pkl,1.0,1.0,1.0,1.0,1.0,1.0,1.0,1.0,1.0,1.0
10,focal,Subfamily,Iovirinae,10,models/Subfamily_bg/Iovirinae.pkl,1.0,1.0,1.0,1.0,1.0,1.0,1.0,1.0,1.0,1.0
10,focal,Subfamily,Ilmarëvirinae,10,models/Subfamily_bg/Ilmarëvirinae.pkl,0.9985632183908046,0.993103448275862,1.0,0.9985590778097982,1.0,0.9992790194664743,1.0,0.6666666666666666,0.8,1.0
10,focal,Subfamily,Iapetusvirinae,10,models/Subfamily_bg/Iapetusvirinae.pkl,1.0,1.0,1.0,1.0,1.0,1.0,1.0,1.0,1.0,1.0
10,focal,Subfamily,Europavirinae,10,models/Subfamily_bg/Europavirinae.pkl,1.0,0.9931034482758619,1.0,1.0,1.0,1.0,1.0,1.0,1.0,1.0
10,focal,Subfamily,Hi'iakavirinae,10,models/Subfamily_bg/Hi'iakavirinae.pkl,1.0,1.0,1.0,1.0,1.0,1.0,1.0,1.0,1.0,1.0
10,focal,Subfamily,Hendrixvirinae_1,10,models/Subfamily_bg/Hendrixvirinae_1.pkl,1.0,1.0,1.0,1.0,1.0,1.0,1.0,1.0,1.0,1.0
10,focal,Subfamily,Guernseyvirinae_1,10,models/Subfamily_bg/Guernseyvirinae_1.pkl,1.0,1.0,1.0,1.0,1.0,1.0,1.0,1.0,1.0,1.0
10,focal,Subfamily,Guarnerosvirinae,10,models/Subfamily_bg/Guarnerosvirinae.pkl,0.9971264367816092,0.9954022988505746,0.9995189995189995,0.9971223021582734,1.0,0.9985590778097982,1.0,0.3333333333333333,0.5,0.9166666666666665
10,focal,Subfamily,Gracegardnervirinae_1,10,models/Subfamily_bg/Gracegardnervirinae_1.pkl,0.9985632183908046,1.0,1.0,1.0,0.9985185185185185,0.9992587101556708,0.9545454545454546,1.0,0.9767441860465117,1.0
10,focal,Subfamily,Gordonclarkvirinae,10,models/Subfamily_bg/Gordonclarkvirinae.pkl,1.0,1.0,1.0,1.0,1.0,1.0,1.0,1.0,1.0,1.0
10,focal,Subfamily,Gclasvirinae,10,models/Subfamily_bg/Gclasvirinae.pkl,1.0,1.0,1.0,1.0,1.0,1.0,1.0,1.0,1.0,1.0
10,focal,Subfamily,Ganymedevirinae,10,models/Subfamily_bg/Ganymedevirinae.pkl,1.0,1.0,1.0,1.0,1.0,1.0,1.0,1.0,1.0,1.0
10,focal,Subfamily,Weiservirinae_1,10,models/Subfamily_bg/Weiservirinae_1.pkl,0.9971264367816092,0.9988505747126437,1.0,1.0,0.997080291970803,0.9985380116959064,0.8461538461538461,1.0,0.9166666666666666,1.0
15,focal,Subfamily,Arielvirinae,15,models/Subfamily_bg/Arielvirinae.pkl,1.0,0.9985815602836879,1.0,1.0,1.0,1.0,1.0,1.0,1.0,1.0
15,focal,Subfamily,Slopekvirinae,15,models/Subfamily_bg/Slopekvirinae.pkl,1.0,0.9914893617021278,1.0,1.0,1.0,1.0,1.0,1.0,1.0,1.0
15,focal,Subfamily,Oberonvirinae,15,models/Subfamily_bg/Oberonvirinae.pkl,0.9985632183908046,1.0,1.0,1.0,0.9985507246376811,0.9992748368382885,0.8571428571428571,1.0,0.923076923076923,1.0
15,focal,Subfamily,Ounavirinae,15,models/Subfamily_bg/Ounavirinae.pkl,1.0,0.9985815602836879,1.0,1.0,1.0,1.0,1.0,1.0,1.0,1.0
15,focal,Subfamily,Pclasvirinae,15,models/Subfamily_bg/Pclasvirinae.pkl,0.9985632183908046,1.0,1.0,0.9985569985569985,1.0,0.9992779783393501,1.0,0.75,0.8571428571428571,1.0
15,focal,Subfamily,Quijotevirinae,15,models/Subfamily_bg/Quijotevirinae.pkl,1.0,1.0,1.0,1.0,1.0,1.0,1.0,1.0,1.0,1.0
15,focal,Subfamily,Rheavirinae,15,models/Subfamily_bg/Rheavirinae.pkl,1.0,0.9971631205673759,1.0,1.0,1.0,1.0,1.0,1.0,1.0,0.9999999999999998
15,focal,Subfamily,Rocinantevirinae,15,models/Subfamily_bg/Rocinantevirinae.pkl,1.0,0.9957446808510639,1.0,1.0,1.0,1.0,1.0,1.0,1.0,1.0
15,focal,Subfamily,Rogunavirinae,15,models/Subfamily_bg/Rogunavirinae.pkl,0.9985632183908046,0.9872340425531915,1.0,0.9985569985569985,1.0,0.9992779783393501,1.0,0.75,0.8571428571428571,1.0
15,focal,Subfamily,Rothmandenesvirinae,15,models/Subfamily_bg/Rothmandenesvirinae.pkl,0.9841954022988506,1.0,0.9991316931982633,1.0,0.984081041968162,0.9919766593727206,0.3125,1.0,0.47619047619047616,0.925
15,focal,Subfamily,Sepvirinae,15,models/Subfamily_bg/Sepvirinae.pkl,0.9985632183908046,1.0,1.0,1.0,0.9985549132947977,0.9992769342010123,0.8,1.0,0.888888888888889,1.0
15,focal,Subfamily,Stephanstirmvirinae,15,models/Subfamily_bg/Stephanstirmvirinae.pkl,1.0,1.0,1.0,1.0,1.0,1.0,1.0,1.0,1.0,1.0
15,focal,Subfamily,Molineuxvirinae,15,models/Subfamily_bg/Molineuxvirinae.pkl,1.0,0.9971631205673759,1.0,1.0,1.0,1.0,1.0,1.0,1.0,1.0
15,focal,Subfamily,Studiervirinae_1,15,models/Subfamily_bg/Studiervirinae_1.pkl,0.9985632183908046,0.9971631205673759,1.0,0.9985029940119761,1.0,0.9992509363295881,1.0,0.9655172413793104,0.9824561403508771,0.9999999999999999
15,focal,Subfamily,Tempevirinae_1,15,models/Subfamily_bg/Tempevirinae_1.pkl,0.9942528735632183,0.9985815602836879,1.0,0.9941262848751835,1.0,0.9970544918998527,1.0,0.7894736842105263,0.8823529411764706,0.9999999999999998
15,focal,Subfamily,Tethysvirinae,15,models/Subfamily_bg/Tethysvirinae.pkl,1.0,0.9985815602836879,1.0,1.0,1.0,1.0,1.0,1.0,1.0,1.0
15,focal,Subfamily,Tevenvirinae,15,models/Subfamily_bg/Tevenvirinae.pkl,0.9971264367816092,1.0,1.0,0.9970014992503748,1.0,0.9984984984984985,1.0,0.9354838709677419,0.9666666666666666,0.9999999999999999
15,focal,Subfamily,Titaniavirinae,15,models/Subfamily_bg/Titaniavirinae.pkl,1.0,1.0,1.0,1.0,1.0,1.0,1.0,1.0,1.0,1.0
15,focal,Subfamily,Titanvirinae,15,models/Subfamily_bg/Titanvirinae.pkl,1.0,0.9985815602836879,1.0,1.0,1.0,1.0,1.0,1.0,1.0,1.0
15,focal,Subfamily,Tritonvirinae,15,models/Subfamily_bg/Tritonvirinae.pkl,0.9971264367816092,0.9985815602836879,0.9997926601700187,1.0,0.9970972423802612,0.9985465116279069,0.7777777777777778,1.0,0.8750000000000001,0.982142857142857
15,focal,Subfamily,Twortvirinae,15,models/Subfamily_bg/Twortvirinae.pkl,0.9985632183908046,0.9985815602836879,1.0,0.9985507246376811,1.0,0.9992748368382885,1.0,0.8571428571428571,0.923076923076923,1.0
15,focal,Subfamily,Umbrielvirinae,15,models/Subfamily_bg/Umbrielvirinae.pkl,1.0,1.0,1.0,1.0,1.0,1.0,1.0,1.0,1.0,1.0
15,focal,Subfamily,Moonvirinae,15,models/Subfamily_bg/Moonvirinae.pkl,0.9985632183908046,0.9787234042553191,0.9996355685131195,0.9985443959243085,1.0,0.9992716678805535,1.0,0.9,0.9473684210526316,0.9769230769230769
15,focal,Subfamily,Melnykvirinae,15,models/Subfamily_bg/Melnykvirinae.pkl,0.9985632183908046,0.9914893617021276,0.9997105643994211,0.9985549132947977,1.0,0.9992769342010123,1.0,0.8,0.888888888888889,0.9666666666666668
15,focal,Subfamily,Arquatrovirinae,15,models/Subfamily_bg/Arquatrovirinae.pkl,1.0,1.0,1.0,1.0,1.0,1.0,1.0,1.0,1.0,1.0
15,focal,Subfamily,Emilbogenvirinae,15,models/Subfamily_bg/Emilbogenvirinae.pkl,1.0,1.0,1.0,1.0,1.0,1.0,1.0,1.0,1.0,1.0
15,focal,Subfamily,Azeredovirinae_1,15,models/Subfamily_bg/Azeredovirinae_1.pkl,1.0,0.973049645390071,1.0,1.0,1.0,1.0,1.0,1.0,1.0,1.0
15,focal,Subfamily,Azeredovirinae_2,15,models/Subfamily_bg/Azeredovirinae_2.pkl,0.9985632183908046,0.9744680851063829,1.0,0.9985569985569985,1.0,0.9992779783393501,1.0,0.75,0.8571428571428571,1.0
15,focal,Subfamily,Bclasvirinae_1,15,models/Subfamily_bg/Bclasvirinae_1.pkl,0.9971264367816092,1.0,0.9995853203400373,1.0,0.9970972423802612,0.9985465116279069,0.7777777777777778,1.0,0.8750000000000001,0.9682539682539681
15,focal,Subfamily,Beijerinckvirinae_1,15,models/Subfamily_bg/Beijerinckvirinae_1.pkl,1.0,0.9985815602836879,1.0,1.0,1.0,1.0,1.0,1.0,1.0,1.0
15,focal,Subfamily,Callistovirinae,15,models/Subfamily_bg/Callistovirinae.pkl,1.0,0.9985815602836879,1.0,1.0,1.0,1.0,1.0,1.0,1.0,1.0
15,focal,Subfamily,Charonvirinae,15,models/Subfamily_bg/Charonvirinae.pkl,1.0,1.0,1.0,1.0,1.0,1.0,1.0,1.0,1.0,1.0
15,focal,Subfamily,Cvivirinae,15,models/Subfamily_bg/Cvivirinae.pkl,1.0,1.0,1.0,1.0,1.0,1.0,1.0,1.0,1.0,1.0
15,focal,Subfamily,Dionevirinae,15,models/Subfamily_bg/Dionevirinae.pkl,1.0,0.9801418439716312,1.0,1.0,1.0,1.0,1.0,1.0,1.0,1.0
15,focal,Subfamily,Dulcineavirinae,15,models/Subfamily_bg/Dulcineavirinae.pkl,1.0,1.0,1.0,1.0,1.0,1.0,1.0,1.0,1.0,1.0
15,focal,Subfamily,Europavirinae,15,models/Subfamily_bg/Europavirinae.pkl,1.0,0.9801418439716312,1.0,1.0,1.0,1.0,1.0,1.0,1.0,1.0
15,focal,Subfamily,Markadamsvirinae,15,models/Subfamily_bg/Markadamsvirinae.pkl,0.9971264367816092,0.9985815602836879,1.0,1.0,0.9970588235294118,0.9985272459499264,0.8888888888888888,1.0,0.9411764705882353,1.0
15,focal,Subfamily,Ganymedevirinae,15,models/Subfamily_bg/Ganymedevirinae.pkl,1.0,1.0,1.0,1.0,1.0,1.0,1.0,1.0,1.0,1.0
15,focal,Subfamily,Gordonclarkvirinae,15,models/Subfamily_bg/Gordonclarkvirinae.pkl,1.0,1.0,1.0,1.0,1.0,1.0,1.0,1.0,1.0,1.0
15,focal,Subfamily,Gracegardnervirinae_1,15,models/Subfamily_bg/Gracegardnervirinae_1.pkl,0.9971264367816092,1.0,1.0,1.0,0.997037037037037,0.9985163204747775,0.9130434782608695,1.0,0.9545454545454545,1.0
15,focal,Subfamily,Guernseyvirinae_1,15,models/Subfamily_bg/Guernseyvirinae_1.pkl,0.9985632183908046,1.0,1.0,1.0,0.9985549132947977,0.9992769342010123,0.8,1.0,0.888888888888889,1.0
15,focal,Subfamily,Iapetusvirinae,15,models/Subfamily_bg/Iapetusvirinae.pkl,1.0,1.0,1.0,1.0,1.0,1.0,1.0,1.0,1.0,1.0
15,focal,Subfamily,Iovirinae,15,models/Subfamily_bg/Iovirinae.pkl,1.0,1.0,1.0,1.0,1.0,1.0,1.0,1.0,1.0,1.0
15,focal,Subfamily,Krylovirinae,15,models/Subfamily_bg/Krylovirinae.pkl,1.0,0.9943262411347517,1.0,1.0,1.0,1.0,1.0,1.0,1.0,1.0
15,focal,Subfamily,Lclasvirinae,15,models/Subfamily_bg/Lclasvirinae.pkl,1.0,1.0,1.0,1.0,1.0,1.0,1.0,1.0,1.0,1.0
15,focal,Subfamily,Loutivirinae,15,models/Subfamily_bg/Loutivirinae.pkl,0.9971264367816092,1.0,1.0,1.0,0.9971056439942113,0.9985507246376812,0.7142857142857143,1.0,0.8333333333333333,1.0
15,focal,Subfamily,Weiservirinae_1,15,models/Subfamily_bg/Weiservirinae_1.pkl,0.9971264367816092,1.0,1.0,1.0,0.997080291970803,0.9985380116959064,0.8461538461538461,1.0,0.9166666666666666,1.0
20,focal,Subfamily,Arquatrovirinae,20,models/Subfamily_bg/Arquatrovirinae.pkl,1.0,1.0,1.0,1.0,1.0,1.0,1.0,1.0,1.0,1.0
20,focal,Subfamily,Oberonvirinae,20,models/Subfamily_bg/Oberonvirinae.pkl,0.9985632183908046,1.0,1.0,1.0,0.9985507246376811,0.9992748368382885,0.8571428571428571,1.0,0.923076923076923,0.9999999999999999
20,focal,Subfamily,Twortvirinae,20,models/Subfamily_bg/Twortvirinae.pkl,0.9971264367816092,1.0,1.0,1.0,0.9970972423802612,0.9985465116279069,0.7777777777777778,1.0,0.8750000000000001,1.0
20,focal,Subfamily,Tritonvirinae,20,models/Subfamily_bg/Tritonvirinae.pkl,0.9971264367816092,1.0,0.9997926601700187,1.0,0.9970972423802612,0.9985465116279069,0.7777777777777778,1.0,0.8750000000000001,0.982142857142857
20,focal,Subfamily,Titanvirinae,20,models/Subfamily_bg/Titanvirinae.pkl,0.9971264367816092,1.0,1.0,1.0,0.9970544918998527,0.9985250737463127,0.8947368421052632,1.0,0.9444444444444444,1.0
20,focal,Subfamily,Titaniavirinae,20,models/Subfamily_bg/Titaniavirinae.pkl,1.0,1.0,1.0,1.0,1.0,1.0,1.0,1.0,1.0,1.0
20,focal,Subfamily,Tevenvirinae,20,models/Subfamily_bg/Tevenvirinae.pkl,0.9971264367816092,1.0,0.9996361872422993,0.9970014992503748,1.0,0.9984984984984985,1.0,0.9354838709677419,0.9666666666666666,0.9925871619420006
20,focal,Subfamily,Tempevirinae_1,20,models/Subfamily_bg/Tempevirinae_1.pkl,0.9956896551724138,1.0,0.999922257638187,1.0,0.9955686853766618,0.9977794226498891,0.8636363636363636,1.0,0.9268292682926829,0.9973684210526315
20,focal,Subfamily,Studiervirinae_1,20,models/Subfamily_bg/Studiervirinae_1.pkl,1.0,1.0,0.9999999999999999,1.0,1.0,1.0,1.0,1.0,1.0,1.0
20,focal,Subfamily,Slopekvirinae,20,models/Subfamily_bg/Slopekvirinae.pkl,1.0,0.982258064516129,1.0,1.0,1.0,1.0,1.0,1.0,1.0,1.0000000000000002
20,focal,Subfamily,Rothmandenesvirinae,20,models/Subfamily_bg/Rothmandenesvirinae.pkl,0.985632183908046,1.0,1.0,1.0,0.9855282199710564,0.9927113702623906,0.3333333333333333,1.0,0.5,1.0
20,focal,Subfamily,Rocinantevirinae,20,models/Subfamily_bg/Rocinantevirinae.pkl,1.0,0.9935483870967742,1.0,1.0,1.0,1.0,1.0,1.0,1.0,1.0
20,focal,Subfamily,Rheavirinae,20,models/Subfamily_bg/Rheavirinae.pkl,0.9985632183908046,0.9725806451612904,1.0,1.0,0.9985486211901307,0.9992737835875091,0.875,1.0,0.9333333333333333,1.0
20,focal,Subfamily,Quijotevirinae,20,models/Subfamily_bg/Quijotevirinae.pkl,1.0,1.0,1.0,1.0,1.0,1.0,1.0,1.0,1.0,0.9999999999999999
20,focal,Subfamily,Ounavirinae,20,models/Subfamily_bg/Ounavirinae.pkl,1.0,1.0,1.0000000000000002,1.0,1.0,1.0,1.0,1.0,1.0,1.0
20,focal,Subfamily,Moonvirinae,20,models/Subfamily_bg/Moonvirinae.pkl,0.9985632183908046,0.9693548387096774,1.0,0.9985443959243085,1.0,0.9992716678805535,1.0,0.9,0.9473684210526316,0.9999999999999999
20,focal,Subfamily,Azeredovirinae_1,20,models/Subfamily_bg/Azeredovirinae_1.pkl,0.9913793103448276,1.0,1.0,1.0,0.9913169319826338,0.9956395348837209,0.45454545454545453,1.0,0.625,1.0
20,focal,Subfamily,Molineuxvirinae,20,models/Subfamily_bg/Molineuxvirinae.pkl,1.0,0.9983870967741936,1.0,1.0,1.0,1.0,1.0,1.0,1.0,1.0
20,focal,Subfamily,Melnykvirinae,20,models/Subfamily_bg/Melnykvirinae.pkl,0.9942528735632183,0.967741935483871,0.9982633863965268,0.9985486211901307,0.9956584659913169,0.9971014492753623,0.5714285714285714,0.8,0.6666666666666666,0.8909090909090909
20,focal,Subfamily,Markadamsvirinae,20,models/Subfamily_bg/Markadamsvirinae.pkl,1.0,1.0,1.0,1.0,1.0,1.0,1.0,1.0,1.0,1.0
20,focal,Subfamily,Loutivirinae,20,models/Subfamily_bg/Loutivirinae.pkl,0.9971264367816092,1.0,1.0,1.0,0.9971056439942113,0.9985507246376812,0.7142857142857143,1.0,0.8333333333333333,1.0
20,focal,Subfamily,Iovirinae,20,models/Subfamily_bg/Iovirinae.pkl,1.0,1.0,1.0,1.0,1.0,1.0,1.0,1.0,1.0,1.0
20,focal,Subfamily,Iapetusvirinae,20,models/Subfamily_bg/Iapetusvirinae.pkl,1.0,1.0,1.0,1.0,1.0,1.0,1.0,1.0,1.0,1.0
20,focal,Subfamily,Gracegardnervirinae_1,20,models/Subfamily_bg/Gracegardnervirinae_1.pkl,0.9971264367816092,1.0,1.0,1.0,0.997037037037037,0.9985163204747775,0.9130434782608695,1.0,0.9545454545454545,1.0
20,focal,Subfamily,Ganymedevirinae,20,models/Subfamily_bg/Ganymedevirinae.pkl,1.0,1.0,1.0,1.0,1.0,1.0,1.0,1.0,1.0,0.9999999999999998
20,focal,Subfamily,Europavirinae,20,models/Subfamily_bg/Europavirinae.pkl,1.0,0.970967741935484,1.0,1.0,1.0,1.0,1.0,1.0,1.0,1.0
20,focal,Subfamily,Dulcineavirinae,20,models/Subfamily_bg/Dulcineavirinae.pkl,1.0,1.0,1.0,1.0,1.0,1.0,1.0,1.0,1.0,1.0
20,focal,Subfamily,Cvivirinae,20,models/Subfamily_bg/Cvivirinae.pkl,1.0,1.0,1.0,1.0,1.0,1.0,1.0,1.0,1.0,0.9999999999999999
20,focal,Subfamily,Callistovirinae,20,models/Subfamily_bg/Callistovirinae.pkl,1.0,0.979032258064516,1.0,1.0,1.0,1.0,1.0,1.0,1.0,1.0
20,focal,Subfamily,Bclasvirinae_1,20,models/Subfamily_bg/Bclasvirinae_1.pkl,0.9971264367816092,1.0,0.9992743105950652,1.0,0.9970972423802612,0.9985465116279069,0.7777777777777778,1.0,0.8750000000000001,0.9325396825396826
20,focal,Subfamily,Weiservirinae_1,20,models/Subfamily_bg/Weiservirinae_1.pkl,0.9971264367816092,1.0,1.0,1.0,0.997080291970803,0.9985380116959064,0.8461538461538461,1.0,0.9166666666666666,1.0
30,focal,Subfamily,Arquatrovirinae,30,models/Subfamily_bg/Arquatrovirinae.pkl,1.0,1.0,1.0,1.0,1.0,1.0,1.0,1.0,1.0,1.0000000000000002
30,focal,Subfamily,Callistovirinae,30,models/Subfamily_bg/Callistovirinae.pkl,0.9913793103448276,1.0,1.0,1.0,0.9911764705882353,0.9955686853766618,0.7272727272727273,1.0,0.8421052631578948,1.0
30,focal,Subfamily,Cvivirinae,30,models/Subfamily_bg/Cvivirinae.pkl,1.0,0.9979166666666668,1.0,1.0,1.0,1.0,1.0,1.0,1.0,1.0
30,focal,Subfamily,Europavirinae,30,models/Subfamily_bg/Europavirinae.pkl,1.0,0.9375,1.0,1.0,1.0,1.0,1.0,1.0,1.0,1.0
30,focal,Subfamily,Ganymedevirinae,30,models/Subfamily_bg/Ganymedevirinae.pkl,1.0,1.0,1.0,1.0,1.0,1.0,1.0,1.0,1.0,0.9999999999999999
30,focal,Subfamily,Gracegardnervirinae_1,30,models/Subfamily_bg/Gracegardnervirinae_1.pkl,0.9971264367816092,1.0,1.0,1.0,0.997037037037037,0.9985163204747775,0.9130434782608695,1.0,0.9545454545454545,0.9999999999999999
30,focal,Subfamily,Iovirinae,30,models/Subfamily_bg/Iovirinae.pkl,1.0,1.0,1.0,1.0,1.0,1.0,1.0,1.0,1.0,1.0
30,focal,Subfamily,Markadamsvirinae,30,models/Subfamily_bg/Markadamsvirinae.pkl,0.9956896551724138,1.0,1.0,1.0,0.9955882352941177,0.997789240972734,0.8421052631578947,1.0,0.9142857142857143,1.0
30,focal,Subfamily,Moonvirinae,30,models/Subfamily_bg/Moonvirinae.pkl,0.9985632183908046,0.9375,0.9997813411078718,0.9985443959243085,1.0,0.9992716678805535,1.0,0.9,0.9473684210526316,0.9833333333333334
30,focal,Subfamily,Quijotevirinae,30,models/Subfamily_bg/Quijotevirinae.pkl,1.0,1.0,1.0,1.0,1.0,1.0,1.0,1.0,1.0,1.0
30,focal,Subfamily,Slopekvirinae,30,models/Subfamily_bg/Slopekvirinae.pkl,0.9870689655172413,0.98125,1.0,1.0,0.9868995633187773,0.9934065934065934,0.5,1.0,0.6666666666666666,1.0
30,focal,Subfamily,Studiervirinae_1,30,models/Subfamily_bg/Studiervirinae_1.pkl,0.9985632183908046,1.0,1.0,1.0,0.9985007496251874,0.9992498124531133,0.9666666666666667,1.0,0.983050847457627,1.0
30,focal,Subfamily,Tempevirinae_1,30,models/Subfamily_bg/Tempevirinae_1.pkl,0.9942528735632183,1.0,1.0,1.0,0.9940915805022157,0.997037037037037,0.8260869565217391,1.0,0.9047619047619047,1.0
30,focal,Subfamily,Tevenvirinae,30,models/Subfamily_bg/Tevenvirinae.pkl,0.9899425287356322,1.0,0.9998302207130729,1.0,0.9894736842105263,0.9947089947089947,0.8157894736842105,1.0,0.898550724637681,0.9961131174634266
30,focal,Subfamily,Titanvirinae,30,models/Subfamily_bg/Titanvirinae.pkl,0.992816091954023,1.0,1.0,1.0,0.9926362297496318,0.9963045084996305,0.7727272727272727,1.0,0.8717948717948718,1.0
30,focal,Subfamily,Weiservirinae_1,30,models/Subfamily_bg/Weiservirinae_1.pkl,0.9971264367816092,1.0,1.0,1.0,0.997080291970803,0.9985380116959064,0.8461538461538461,1.0,0.9166666666666666,1.0
