Rank,Taxa,Num Members,LCA Size,Monophyletic,Precision
Family,Herelleviridae,115,115,True,1.0
Family,Fredfastierviridae,2,2,True,1.0
Family,Peduoviridae,101,101,True,1.0
Family,Kleczkowskaviridae,2,2,True,1.0
Family,Drexlerviridae,113,113,True,1.0
Family,Graaviviridae,2,2,True,1.0
Family,Haloferuviridae,3,3,True,1.0
Family,Druskaviridae,2,2,True,1.0
Family,Hafunaviridae,10,10,True,1.0
Family,Madridviridae,2,2,True,1.0
Family,Chaseviridae,15,15,True,1.0
Family,Orlajensenviridae,11,11,True,1.0
Family,Saffermanviridae,4,4,True,1.0
Family,Saparoviridae,2,2,True,1.0
Family,Vertoviridae,3,3,True,1.0
Family,Zierdtviridae,26,26,True,1.0
Family,Ekchuahviridae,2,2,True,1.0
Family,Lakviridae,3,3,True,1.0
Family,Pootjesviridae,11,11,True,1.0
Family,Demerecviridae,100,100,True,1.0
Family,Stanwilliamsviridae,27,27,True,1.0
Family,Steigviridae,15,15,True,1.0
Family,Pervagoviridae,2,2,True,1.0
Family,Molycolviridae,2,2,True,1.0
Family,Assiduviridae,3,3,True,1.0
Family,Forsetiviridae,2,2,True,1.0
Family,Suoliviridae,36,36,True,1.0
Family,Intestiviridae,18,18,True,1.0
Family,Crevaviridae,4,4,True,1.0
Family,Schitoviridae,106,106,True,1.0
Family,Ackermannviridae,63,64,False,0.984
Family,Straboviridae,208,212,False,0.981
Family,Casjensviridae,50,51,False,0.98
Family,Aliceevansviridae,126,133,False,0.947
Family,Autosignataviridae,34,36,False,0.944
Family,Kyanoviridae,66,70,False,0.943
Family,Autotranscriptaviridae,146,164,False,0.89
Family,Duneviridae,6,7,False,0.857
Family,Vilmaviridae,27,34,False,0.794
Family,Autoscriptoviridae,94,138,False,0.681
Family,Rountreeviridae,38,73,False,0.521
Family,Yangangviridae,3,8,False,0.375
Family,Salasmaviridae,31,88,False,0.352
Family,Grimontviridae,10,35,False,0.286
Family,Autonotataviridae,39,142,False,0.275
Family,Usuviridae,2,8,False,0.25
Family,Guelinviridae,10,58,False,0.172
Family,Autographiviridae,30,368,False,0.082
Family,Unassigned,25,368,False,0.068
Family,Chimalliviridae,33,574,False,0.057
Family,Verdandiviridae,3,104,False,0.029
Family,Zobellviridae,11,425,False,0.026
Family,Mesyanzhinovviridae,19,1240,False,0.015
Family,Pachyviridae,5,621,False,0.008
Family,Winoviridae,3,4083,False,0.001
Order,Nakonvirales,3,3,True,1.0
Order,Grandevirales,4,4,True,1.0
Order,Crassvirales,73,75,False,0.973
Order,Pantevenvirales,337,355,False,0.949
Order,Autographivirales,338,368,False,0.918
Order,Methanobavirales,7,228,False,0.031
Order,Thumleimavirales,14,813,False,0.017
Order,Kirjokansivirales,7,619,False,0.011
Order,Magrovirales,3,1058,False,0.003
Order,Juravirales,4,3111,False,0.001
Subfamily,Guernseyvirinae,20,20,True,1.0
Subfamily,Eucampyvirinae,8,8,True,1.0
Subfamily,Dolichocephalovirinae,8,8,True,1.0
Subfamily,Deejayvirinae,10,10,True,1.0
Subfamily,Dclasvirinae,2,2,True,1.0
Subfamily,Chebruvirinae,4,4,True,1.0
Subfamily,Bronfenbrennervirinae,24,24,True,1.0
Subfamily,Beephvirinae,5,5,True,1.0
Subfamily,Andrewesvirinae,3,3,True,1.0
Subfamily,Cobavirinae,4,4,True,1.0
Subfamily,Toshachvirinae,6,6,True,1.0
Subfamily,Emilbogenvirinae,20,20,True,1.0
Subfamily,Mclasvirinae,6,6,True,1.0
Subfamily,Lclasvirinae,19,19,True,1.0
Subfamily,Twarogvirinae,13,13,True,1.0
Subfamily,Emmerichvirinae,4,4,True,1.0
Subfamily,Rothmandenesvirinae,8,8,True,1.0
Subfamily,Erskinevirinae,3,3,True,1.0
Subfamily,Tatarstanvirinae,3,3,True,1.0
Subfamily,Picovirinae,7,7,True,1.0
Subfamily,Rabinowitzvirinae,9,9,True,1.0
Subfamily,Twortvirinae,35,35,True,1.0
Subfamily,Spounavirinae,5,5,True,1.0
Subfamily,Eekayvirinae,4,4,True,1.0
Subfamily,Gclasvirinae,15,15,True,1.0
Subfamily,Mccorquodalevirinae,2,2,True,1.0
Subfamily,Gorskivirinae,4,4,True,1.0
Subfamily,Stentvirinae,3,3,True,1.0
Subfamily,Okabevirinae,2,2,True,1.0
Subfamily,Colwellvirinae,12,12,True,1.0
Subfamily,Quingentivirinae,2,2,True,1.0
Subfamily,Weiservirinae,62,62,True,1.0
Subfamily,Vequintavirinae,26,26,True,1.0
Subfamily,Tybeckvirinae,9,9,True,1.0
Subfamily,Trabyvirinae,3,3,True,1.0
Subfamily,Skurskavirinae,11,11,True,1.0
Subfamily,Skryabinvirinae,2,2,True,1.0
Subfamily,Sepvirinae,21,21,True,1.0
Subfamily,Ruthgordonvirinae,7,7,True,1.0
Subfamily,Pclasvirinae,22,22,True,1.0
Subfamily,Nclasvirinae,18,18,True,1.0
Subfamily,Mccleskeyvirinae,12,12,True,1.0
Subfamily,Kutznervirinae,7,7,True,1.0
Subfamily,Kantovirinae,5,5,True,1.0
Subfamily,Jondennisvirinae,4,4,True,1.0
Subfamily,Jameshumphriesvirinae,4,4,True,1.0
Subfamily,Gutmannvirinae,3,3,True,1.0
Subfamily,Guarnerosvirinae,4,4,True,1.0
Subfamily,Bastillevirinae,40,40,True,1.0
Subfamily,Pelczarvirinae,11,11,True,1.0
Subfamily,Ermolyevavirinae,17,17,True,1.0
Subfamily,Oafivirinae,8,8,True,1.0
Subfamily,Sarlesvirinae,15,15,True,1.0
Subfamily,Gordonclarkvirinae,21,21,True,1.0
Subfamily,Arquatrovirinae,43,43,True,1.0
Subfamily,Staniewskivirinae,3,3,True,1.0
Subfamily,Demetervirinae,6,6,True,1.0
Subfamily,Sejongvirinae,5,5,True,1.0
Subfamily,Loccivirinae,9,9,True,1.0
Subfamily,Boydwoodruffvirinae,18,18,True,1.0
Subfamily,Bearivirinae,3,3,True,1.0
Subfamily,Doltivirinae,2,2,True,1.0
Subfamily,Beaumontvirinae,5,5,True,1.0
Subfamily,Coarsevirinae,2,2,True,1.0
Subfamily,Churivirinae,4,4,True,1.0
Subfamily,Asinivirinae,15,15,True,1.0
Subfamily,Boorivirinae,7,7,True,1.0
Subfamily,Crudevirinae,11,11,True,1.0
Subfamily,Deeyouvirinae,7,7,True,1.0
Subfamily,Stephanstirmvirinae,19,19,True,1.0
Subfamily,Brockvirinae,7,7,True,1.0
Subfamily,Gracegardnervirinae,118,118,True,1.0
Subfamily,Ounavirinae,26,26,True,1.0
Subfamily,Rhodovirinae,9,9,True,1.0
Subfamily,Azeevirinae,16,16,True,1.0
Subfamily,Aglimvirinae,7,7,True,1.0
Subfamily,Gorgonvirinae,6,6,True,1.0
Subfamily,Cleopatravirinae,11,11,True,1.0
Subfamily,Molineuxvirinae,22,22,True,1.0
Subfamily,Melnykvirinae,15,15,True,1.0
Subfamily,Markadamsvirinae,71,71,True,1.0
Subfamily,Gujervirinae,5,5,True,1.0
Subfamily,Joanripponvirinae,8,8,True,1.0
Subfamily,Andregratiavirinae,2,2,True,1.0
Subfamily,Obtuvirinae,3,3,True,1.0
Subfamily,Bclasvirinae,41,42,False,0.976
Subfamily,Nymbaxtervirinae,15,16,False,0.938
Subfamily,Northropvirinae,14,15,False,0.933
Subfamily,Jasinskavirinae,14,15,False,0.933
Subfamily,Studiervirinae,145,164,False,0.884
Subfamily,Hendrixvirinae,14,16,False,0.875
Subfamily,Langleyhallvirinae,6,7,False,0.857
Subfamily,Krylovirinae,17,20,False,0.85
Subfamily,Loutivirinae,11,13,False,0.846
Subfamily,Humphriesvirinae,5,6,False,0.833
Subfamily,Ceeclamvirinae,20,25,False,0.8
Subfamily,Tevenvirinae,147,186,False,0.79
Subfamily,Migulavirinae,11,14,False,0.786
Subfamily,Braunvirinae,7,9,False,0.778
Subfamily,Nefertitivirinae,3,4,False,0.75
Subfamily,Queuovirinae,11,15,False,0.733
Subfamily,Cvivirinae,40,55,False,0.727
Subfamily,Fuhrmanvirinae,2,3,False,0.667
Subfamily,Iiscvirinae,4,6,False,0.667
Subfamily,Rakietenvirinae,21,33,False,0.636
Subfamily,Rogunavirinae,12,19,False,0.632
Subfamily,Sechaudvirinae,13,21,False,0.619
Subfamily,Pontosvirinae,3,5,False,0.6
Subfamily,Azeredovirinae,48,111,False,0.432
Subfamily,Corkvirinae,17,40,False,0.425
Subfamily,Tempevirinae,38,112,False,0.339
Subfamily,Uncouvirinae,6,27,False,0.222
Subfamily,Slopekvirinae,29,138,False,0.21
Subfamily,Enquatrovirinae,17,93,False,0.183
Subfamily,Beijerinckvirinae,25,138,False,0.181
Subfamily,Gochnauervirinae,4,23,False,0.174
Subfamily,Tunavirinae,18,113,False,0.159
Subfamily,Unassigned,35,368,False,0.095
Subfamily,Denniswatsonvirinae,4,58,False,0.069
Subfamily,Dunnvirinae,5,142,False,0.035
Subfamily,Bradleyvirinae,9,1240,False,0.007
Genus,Wuhanvirus,2,2,True,1.0
Genus,Keshuvirus,5,5,True,1.0
Genus,Austintatiousvirus,3,3,True,1.0
Genus,Audreyjarvisvirus,7,7,True,1.0
Genus,Asteriusvirus,2,2,True,1.0
Genus,Anjalivirus,2,2,True,1.0
Genus,Andromedavirus,8,8,True,1.0
Genus,Anatolevirus,2,2,True,1.0
Genus,Amigovirus,2,2,True,1.0
Genus,Alcyoneusvirus,2,2,True,1.0
Genus,Aguilavirus,2,2,True,1.0
Genus,Abouovirus,2,2,True,1.0
Genus,Unicornvirus,5,5,True,1.0
Genus,Timquatrovirus,4,4,True,1.0
Genus,Kratiovirus,9,9,True,1.0
Genus,Fionnbharthvirus,5,5,True,1.0
Genus,Vividuovirus,19,19,True,1.0
Genus,Amginevirus,5,5,True,1.0
Genus,Vequintavirus,8,8,True,1.0
Genus,Seunavirus,4,4,True,1.0
Genus,Mydovirus,6,6,True,1.0
Genus,Henunavirus,2,2,True,1.0
Genus,Certrevirus,5,5,True,1.0
Genus,Maenadvirus,3,3,True,1.0
Genus,Lidleunavirus,2,2,True,1.0
Genus,Lenusvirus,3,3,True,1.0
Genus,Slepowronvirus,2,2,True,1.0
Genus,Justusliebigvirus,6,6,True,1.0
Genus,Pakpunavirus,11,11,True,1.0
Genus,Traversvirus,13,13,True,1.0
Genus,Backyardiganvirus,16,16,True,1.0
Genus,Bakolyvirus,2,2,True,1.0
Genus,Diegovirus,2,2,True,1.0
Genus,Colneyvirus,5,5,True,1.0
Genus,Emalynvirus,4,4,True,1.0
Genus,Efquatrovirus,14,14,True,1.0
Genus,Doucettevirus,4,4,True,1.0
Genus,Dibbivirus,3,3,True,1.0
Genus,Dhillonvirus,7,7,True,1.0
Genus,Dexdertvirus,3,3,True,1.0
Genus,Detrevirus,2,2,True,1.0
Genus,Deseoctovirus,2,2,True,1.0
Genus,Demosthenesvirus,2,2,True,1.0
Genus,Coventryvirus,7,7,True,1.0
Genus,Corndogvirus,4,4,True,1.0
Genus,Coralvirus,2,2,True,1.0
Genus,Colunavirus,3,3,True,1.0
Genus,Coetzeevirus,3,3,True,1.0
Genus,Barbavirus,5,5,True,1.0
Genus,Cimandefvirus,5,5,True,1.0
Genus,Chenonavirus,2,2,True,1.0
Genus,Cequinquevirus,6,6,True,1.0
Genus,Ceduovirus,34,34,True,1.0
Genus,Cecivirus,2,2,True,1.0
Genus,Carpasinavirus,2,2,True,1.0
Genus,Camtrevirus,3,3,True,1.0
Genus,Burrovirus,3,3,True,1.0
Genus,Bruynoghevirus,7,7,True,1.0
Genus,Bridgettevirus,5,5,True,1.0
Genus,Bernalvirus,2,2,True,1.0
Genus,Bcepmuvirus,2,2,True,1.0
Genus,Barnyardvirus,2,2,True,1.0
Genus,Oslovirus,6,6,True,1.0
Genus,Vendettavirus,2,2,True,1.0
Genus,Eneladusvirus,2,2,True,1.0
Genus,Peeveelvirus,10,10,True,1.0
Genus,Avocadovirus,3,3,True,1.0
Genus,Fletchervirus,5,5,True,1.0
Genus,Firehammervirus,3,3,True,1.0
Genus,Xipdecavirus,3,3,True,1.0
Genus,Yokohamavirus,2,2,True,1.0
Genus,Shapirovirus,2,2,True,1.0
Genus,Poindextervirus,2,2,True,1.0
Genus,Colossusvirus,2,2,True,1.0
Genus,Bertelyvirus,2,2,True,1.0
Genus,Tanisvirus,2,2,True,1.0
Genus,Kenoshavirus,7,7,True,1.0
Genus,Brujitavirus,4,4,True,1.0
Genus,Myrnavirus,2,2,True,1.0
Genus,Biseptimavirus,14,14,True,1.0
Genus,Liefievirus,6,6,True,1.0
Genus,Yongloolinvirus,4,4,True,1.0
Genus,Rosebushvirus,4,4,True,1.0
Genus,Quesadillavirus,2,2,True,1.0
Genus,Pipefishvirus,5,5,True,1.0
Genus,Pegunavirus,8,8,True,1.0
Genus,Coopervirus,12,12,True,1.0
Genus,Acadianvirus,4,4,True,1.0
Genus,Zitchvirus,3,3,True,1.0
Genus,Dubowvirus,18,18,True,1.0
Genus,Kukulkanvirus,2,2,True,1.0
Genus,Vetruanivirus,2,2,True,1.0
Genus,Likavirus,14,14,True,1.0
Genus,Camvirus,8,8,True,1.0
Genus,Jolieduovirus,3,3,True,1.0
Genus,Pinnievirus,2,2,True,1.0
Genus,Seuratvirus,2,2,True,1.0
Genus,Tsukubavirus,3,3,True,1.0
Genus,Nonagvirus,5,5,True,1.0
Genus,Nipunavirus,2,2,True,1.0
Genus,Phayoncevirus,2,2,True,1.0
Genus,Fishburnevirus,16,16,True,1.0
Genus,Suspvirus,2,2,True,1.0
Genus,Waukeshavirus,2,2,True,1.0
Genus,Kolesnikvirus,2,2,True,1.0
Genus,Charlievirus,18,18,True,1.0
Genus,Unaquatrovirus,5,5,True,1.0
Genus,Limdunavirus,7,7,True,1.0
Genus,Getalongvirus,4,4,True,1.0
Genus,Quhwahvirus,3,3,True,1.0
Genus,Metamorphoovirus,3,3,True,1.0
Genus,Beograduvirus,2,2,True,1.0
Genus,Flaumdravirus,2,2,True,1.0
Genus,Septimatrevirus,3,3,True,1.0
Genus,Wifcevirus,4,4,True,1.0
Genus,Jilinvirus,3,3,True,1.0
Genus,Wongtaivirus,2,2,True,1.0
Genus,Wanchaivirus,2,2,True,1.0
Genus,Wizardvirus,19,19,True,1.0
Genus,Woodruffvirus,2,2,True,1.0
Genus,Xiamenvirus,2,2,True,1.0
Genus,Carmenvirus,2,2,True,1.0
Genus,Kagunavirus,6,6,True,1.0
Genus,Pecentumvirus,15,15,True,1.0
Genus,Thetabobvirus,3,3,True,1.0
Genus,Avanivirus,6,6,True,1.0
Genus,Emdodecavirus,3,3,True,1.0
Genus,Enhodamvirus,3,3,True,1.0
Genus,Arequatrovirus,3,3,True,1.0
Genus,Nevevirus,4,4,True,1.0
Genus,Phifelvirus,3,3,True,1.0
Genus,Titanvirus,2,2,True,1.0
Genus,Perisivirus,2,2,True,1.0
Genus,Pepyhexavirus,2,2,True,1.0
Genus,Pbunavirus,35,35,True,1.0
Genus,Papyrusvirus,2,2,True,1.0
Genus,Pahexavirus,57,57,True,1.0
Genus,Pagevirus,5,5,True,1.0
Genus,Oshimavirus,2,2,True,1.0
Genus,Oneupvirus,2,2,True,1.0
Genus,Omegavirus,6,6,True,1.0
Genus,Obolenskvirus,8,8,True,1.0
Genus,Nylescharonvirus,2,2,True,1.0
Genus,Nesevirus,2,2,True,1.0
Genus,Pleetrevirus,2,2,True,1.0
Genus,Nankokuvirus,5,5,True,1.0
Genus,Naesvirus,4,4,True,1.0
Genus,Myosmarvirus,2,2,True,1.0
Genus,Muvirus,2,2,True,1.0
Genus,Triavirus,23,23,True,1.0
Genus,Trigintaduovirus,2,2,True,1.0
Genus,Muldoonvirus,2,2,True,1.0
Genus,Montyvirus,10,10,True,1.0
Genus,Mimasvirus,2,2,True,1.0
Genus,Turbidovirus,13,13,True,1.0
Genus,Marvinvirus,2,2,True,1.0
Genus,Marthavirus,8,8,True,1.0
Genus,Uetakevirus,3,3,True,1.0
Genus,Plateaulakevirus,4,4,True,1.0
Genus,Psavirus,2,2,True,1.0
Genus,Mardecavirus,2,2,True,1.0
Genus,Sarumanvirus,2,2,True,1.0
Genus,Stanholtvirus,3,3,True,1.0
Genus,Squashvirus,2,2,True,1.0
Genus,Sozzivirus,3,3,True,1.0
Genus,Soupsvirus,3,3,True,1.0
Genus,Terapinvirus,2,2,True,1.0
Genus,Smoothievirus,3,3,True,1.0
Genus,Slashvirus,4,4,True,1.0
Genus,Skunavirus,94,94,True,1.0
Genus,Teubervirus,5,5,True,1.0
Genus,Sherbrookevirus,6,6,True,1.0
Genus,Sextaecvirus,2,2,True,1.0
Genus,Sendosyvirus,2,2,True,1.0
Genus,Schmidvirus,3,3,True,1.0
Genus,Saphexavirus,5,5,True,1.0
Genus,Pukovnikvirus,4,4,True,1.0
Genus,Samwavirus,5,5,True,1.0
Genus,Salmondvirus,2,2,True,1.0
Genus,Saclayvirus,3,3,True,1.0
Genus,Ruthyvirus,2,2,True,1.0
Genus,Rosemountvirus,5,5,True,1.0
Genus,Ronaldovirus,2,2,True,1.0
Genus,Rockefellervirus,6,6,True,1.0
Genus,Rimavirus,2,2,True,1.0
Genus,Rerduovirus,5,5,True,1.0
Genus,Timshelvirus,4,4,True,1.0
Genus,Ravarandavirus,3,3,True,1.0
Genus,Raleighvirus,2,2,True,1.0
Genus,Punavirus,3,3,True,1.0
Genus,Marfavirus,2,2,True,1.0
Genus,Vashvirus,2,2,True,1.0
Genus,Eurybiavirus,3,3,True,1.0
Genus,Gladiatorvirus,10,10,True,1.0
Genus,Ilzatvirus,5,5,True,1.0
Genus,Ikedavirus,2,2,True,1.0
Genus,Hubeivirus,2,2,True,1.0
Genus,Homburgvirus,5,5,True,1.0
Genus,Holosalinivirus,2,2,True,1.0
Genus,Hollowayvirus,2,2,True,1.0
Genus,Helsingorvirus,3,3,True,1.0
Genus,Hapunavirus,2,2,True,1.0
Genus,Halcyonevirus,5,5,True,1.0
Genus,Vhmlvirus,3,3,True,1.0
Genus,Vicosavirus,2,2,True,1.0
Genus,Gordonvirus,2,2,True,1.0
Genus,Gofduovirus,2,2,True,1.0
Genus,Getseptimavirus,2,2,True,1.0
Genus,Inhavirus,2,2,True,1.0
Genus,Gervaisevirus,3,3,True,1.0
Genus,Galaxyvirus,2,2,True,1.0
Genus,Fukuivirus,2,2,True,1.0
Genus,Vieuvirus,2,2,True,1.0
Genus,Fremauxvirus,2,2,True,1.0
Genus,Foxunavirus,4,4,True,1.0
Genus,Firingavirus,2,2,True,1.0
Genus,Fipvunavirus,2,2,True,1.0
Genus,Ficleduovirus,2,2,True,1.0
Genus,Fibralongavirus,2,2,True,1.0
Genus,Fernvirus,18,18,True,1.0
Genus,Feofaniavirus,2,2,True,1.0
Genus,Fairfaxidumvirus,3,3,True,1.0
Genus,Incheonvirus,2,2,True,1.0
Genus,Jasminevirus,2,2,True,1.0
Genus,Lwoffvirus,2,2,True,1.0
Genus,Lambdavirus,5,5,True,1.0
Genus,Luchadorvirus,3,3,True,1.0
Genus,Lubbockvirus,2,2,True,1.0
Genus,Lomovskayavirus,2,2,True,1.0
Genus,Lokivirus,2,2,True,1.0
Genus,Lillamyvirus,6,6,True,1.0
Genus,Lightbulbvirus,2,2,True,1.0
Genus,Lessievirus,4,4,True,1.0
Genus,Leonardvirus,4,4,True,1.0
Genus,Leicestervirus,3,3,True,1.0
Genus,Lederbergvirus,6,6,True,1.0
Genus,Lastavirus,2,2,True,1.0
Genus,Laroyevirus,4,4,True,1.0
Genus,Lambovirus,5,5,True,1.0
Genus,Lahexavirus,4,4,True,1.0
Genus,Jimmervirus,2,2,True,1.0
Genus,Kunmingvirus,2,2,True,1.0
Genus,Kryptosalinivirus,2,2,True,1.0
Genus,Kroosvirus,8,8,True,1.0
Genus,Kostyavirus,9,9,True,1.0
Genus,Korravirus,22,22,True,1.0
Genus,Vedamuthuvirus,5,5,True,1.0
Genus,Kochitakasuvirus,2,2,True,1.0
Genus,Klausavirus,6,6,True,1.0
Genus,Kelleziovirus,2,2,True,1.0
Genus,Kairosalinivirus,2,2,True,1.0
Genus,Junavirus,3,3,True,1.0
Genus,Jujuvirus,6,6,True,1.0
Genus,Veracruzvirus,8,8,True,1.0
Genus,Svunavirus,2,2,True,1.0
Genus,Berlinvirus,16,16,True,1.0
Genus,Vipetofemvirus,2,2,True,1.0
Genus,Cuauhnahuacvirus,2,2,True,1.0
Genus,Chidieberevirus,2,2,True,1.0
Genus,Copernicusvirus,13,13,True,1.0
Genus,Craquatrovirus,2,2,True,1.0
Genus,Ferozepurvirus,2,2,True,1.0
Genus,Ningirsuvirus,2,2,True,1.0
Genus,Kuravirus,14,14,True,1.0
Genus,Suseptimavirus,5,5,True,1.0
Genus,Nieuwekanaalvirus,2,2,True,1.0
Genus,Privateervirus,4,4,True,1.0
Genus,Moazamivirus,2,2,True,1.0
Genus,Crifsvirus,2,2,True,1.0
Genus,Iggyvirus,2,2,True,1.0
Genus,Pektosvirus,3,3,True,1.0
Genus,Ludhianavirus,3,3,True,1.0
Genus,Carnodivirus,2,2,True,1.0
Genus,Menderavirus,4,4,True,1.0
Genus,Mudcatvirus,12,12,True,1.0
Genus,Northamptonvirus,2,2,True,1.0
Genus,Paclarkvirus,12,12,True,1.0
Genus,Pavtokvirus,2,2,True,1.0
Genus,Duonihilunusvirus,3,3,True,1.0
Genus,Tigrvirus,4,4,True,1.0
Genus,Kisquattuordecimvirus,3,3,True,1.0
Genus,Pfluvirus,2,2,True,1.0
Genus,Peduovirus,26,26,True,1.0
Genus,Piorkowskivirus,7,7,True,1.0
Genus,Ponsvirus,7,7,True,1.0
Genus,Innesvirus,5,5,True,1.0
Genus,Felixounavirus,17,17,True,1.0
Genus,Bixiavirus,3,3,True,1.0
Genus,Andhravirus,4,4,True,1.0
Genus,Taipeivirus,8,8,True,1.0
Genus,Risjevirus,2,2,True,1.0
Genus,Phobosvirus,2,2,True,1.0
Genus,Lavrentievavirus,3,3,True,1.0
Genus,Chivirus,17,17,True,1.0
Genus,Tangaroavirus,3,3,True,1.0
Genus,Pelagivirus,2,2,True,1.0
Genus,Teseptimavirus,15,15,True,1.0
Genus,Teetrevirus,17,17,True,1.0
Genus,Drulisvirus,19,19,True,1.0
Genus,Zindervirus,3,3,True,1.0
Genus,Novosibovirus,2,2,True,1.0
Genus,Aarhusvirus,4,4,True,1.0
Genus,Friunavirus,23,23,True,1.0
Genus,Nezavisimistyvirus,2,2,True,1.0
Genus,Yangvirus,9,9,True,1.0
Genus,Miltonvirus,2,2,True,1.0
Genus,Chatterjeevirus,3,3,True,1.0
Genus,Limestonevirus,2,2,True,1.0
Genus,Agtrevirus,5,5,True,1.0
Genus,Haloferacalesvirus,7,7,True,1.0
Genus,Buhlduvirus,2,2,True,1.0
Genus,Helsettvirus,4,4,True,1.0
Genus,Brussowvirus,34,34,True,1.0
Genus,Vansinderenvirus,11,11,True,1.0
Genus,Tsamsavirus,5,5,True,1.0
Genus,Sophritavirus,2,2,True,1.0
Genus,Kayfunavirus,19,19,True,1.0
Genus,Minipunavirus,2,2,True,1.0
Genus,Trinifflemingvirus,3,3,True,1.0
Genus,Rosenblumvirus,17,17,True,1.0
Genus,Sharonstreetvirus,3,3,True,1.0
Genus,Gajwadongvirus,2,2,True,1.0
Genus,Kahnovirus,2,2,True,1.0
Genus,Canhaevirus,2,2,True,1.0
Genus,Carjivirus,2,2,True,1.0
Genus,Jahgtovirus,4,4,True,1.0
Genus,Kolpuevirus,2,2,True,1.0
Genus,Culoivirus,3,3,True,1.0
Genus,Delmidovirus,3,3,True,1.0
Genus,Ermolevavirus,2,2,True,1.0
Genus,Diorhovirus,2,2,True,1.0
Genus,Mollyvirus,2,2,True,1.0
Genus,Freyavirus,2,2,True,1.0
Genus,Callevirus,2,2,True,1.0
Genus,Elemovirus,6,6,True,1.0
Genus,Gyeongsanvirus,2,2,True,1.0
Genus,Afonbuvirus,3,3,True,1.0
Genus,Alexandravirus,12,12,True,1.0
Genus,Casadabanvirus,24,24,True,1.0
Genus,Octobienvirus,4,4,True,1.0
Genus,Nevillevirus,3,3,True,1.0
Genus,Bundooravirus,3,3,True,1.0
Genus,Phapecoctavirus,13,13,True,1.0
Genus,Claudivirus,10,10,True,1.0
Genus,Maculvirus,4,4,True,1.0
Genus,Mapvirus,2,2,True,1.0
Genus,Cheoctovirus,106,106,True,1.0
Genus,Yonseivirus,3,3,True,1.0
Genus,Pradovirus,5,5,True,1.0
Genus,Tritonvirus,2,2,True,1.0
Genus,Junduvirus,2,2,True,1.0
Genus,Cuernavacavirus,3,3,True,1.0
Genus,Gamaleyavirus,14,14,True,1.0
Genus,Bonnellvirus,2,2,True,1.0
Genus,Pokkenvirus,3,3,True,1.0
Genus,Littlefixvirus,2,2,True,1.0
Genus,Litunavirus,9,9,True,1.0
Genus,Cbunavirus,6,6,True,1.0
Genus,Ebriosvirus,2,2,True,1.0
Genus,Cyamitesvirus,2,2,True,1.0
Genus,Atuphduovirus,2,2,True,1.0
Genus,Yihwangvirus,3,3,True,1.0
Genus,Basiliskvirus,2,2,True,1.0
Genus,Bifseptvirus,2,2,True,1.0
Genus,Zukovirus,2,2,True,1.0
Genus,Howevirus,2,2,True,1.0
Genus,Attisvirus,9,9,True,1.0
Genus,Nymphadoravirus,12,12,True,1.0
Genus,Birpovirus,2,2,True,1.0
Genus,Wakandavirus,2,2,True,1.0
Genus,Faustvirus,2,2,True,1.0
Genus,Gaprivervirus,6,6,True,1.0
Genus,Moonvirus,4,4,True,1.0
Genus,Kanagawavirus,5,5,True,1.0
Genus,Kumottavirus,2,2,True,1.0
Genus,Godonkavirus,2,2,True,1.0
Genus,Moineauvirus,81,81,True,1.0
Genus,Efbeekayvirus,2,2,True,1.0
Genus,Bixzunavirus,18,18,True,1.0
Genus,Aurodevirus,3,3,True,1.0
Genus,Burzaovirus,3,3,True,1.0
Genus,Blohavirus,2,2,True,1.0
Genus,Melvirus,2,2,True,1.0
Genus,Salvovirus,2,2,True,1.0
Genus,Citexvirus,3,3,True,1.0
Genus,Dhakavirus,12,12,True,1.0
Genus,Gilsonvirus,2,2,True,1.0
Genus,Annadreamyvirus,2,2,True,1.0
Genus,Samistivirus,11,11,True,1.0
Genus,Karimacvirus,5,5,True,1.0
Genus,Zicotriavirus,2,2,True,1.0
Genus,Pariacacavirus,2,2,True,1.0
Genus,Pacinivirus,2,2,True,1.0
Genus,Mukerjeevirus,4,4,True,1.0
Genus,Pourcelvirus,2,2,True,1.0
Genus,Dongdastvirus,4,4,True,1.0
Genus,Aorunvirus,2,2,True,1.0
Genus,Luzseptimavirus,2,2,True,1.0
Genus,Pylasvirus,2,2,True,1.0
Genus,Ithacavirus,2,2,True,1.0
Genus,Johnsonvirus,2,2,True,1.0
Genus,Harambevirus,2,2,True,1.0
Genus,Gaunavirus,2,2,True,1.0
Genus,Phikmvvirus,16,16,True,1.0
Genus,Hemphillvirus,3,3,True,1.0
Genus,Wumptrevirus,2,2,True,1.0
Genus,Minhovirus,2,2,True,1.0
Genus,Xuanwuvirus,4,4,True,1.0
Genus,Quadragintavirus,3,3,True,1.0
Genus,Hpunavirus,2,2,True,1.0
Genus,Ahphunavirus,2,2,True,1.0
Genus,Loessnervirus,2,2,True,1.0
Genus,Baylorvirus,2,2,True,1.0
Genus,Ceceduovirus,3,3,True,1.0
Genus,Gelderlandvirus,5,5,True,1.0
Genus,Pokrovskaiavirus,2,2,True,1.0
Genus,Jiaodavirus,6,6,True,1.0
Genus,Kaohsiungvirus,3,3,True,1.0
Genus,Ceetrepovirus,5,5,True,1.0
Genus,Sukkupivirus,4,4,True,1.0
Genus,Skysandvirus,3,3,True,1.0
Genus,Kablunavirus,3,3,True,1.0
Genus,Gruunavirus,4,4,True,1.0
Genus,Foxborovirus,5,5,True,1.0
Genus,Pippivirus,2,2,True,1.0
Genus,Reyvirus,4,4,True,1.0
Genus,Murciavirus,2,2,True,1.0
Genus,Lumosvirus,4,4,True,1.0
Genus,Faithunavirus,7,7,True,1.0
Genus,Bronvirus,6,6,True,1.0
Genus,Bromdenvirus,2,2,True,1.0
Genus,Myohalovirus,2,2,True,1.0
Genus,Tulanevirus,8,8,True,1.0
Genus,Slopekvirus,5,5,True,1.0
Genus,Kotilavirus,3,3,True,1.0
Genus,Pseudotevenvirus,9,9,True,1.0
Genus,Krischvirus,6,6,True,1.0
Genus,Phimunavirus,12,12,True,1.0
Genus,Bragavirus,3,3,True,1.0
Genus,Lazarusvirus,8,8,True,1.0
Genus,Hadassahvirus,2,2,True,1.0
Genus,Winklervirus,2,2,True,1.0
Genus,Tegunavirus,3,3,True,1.0
Genus,Karamvirus,4,4,True,1.0
Genus,Cronosvirus,2,2,True,1.0
Genus,Steinhofvirus,2,2,True,1.0
Genus,Wanjuvirus,2,2,True,1.0
Genus,Shenzhenvirus,2,2,True,1.0
Genus,Paopuvirus,9,9,True,1.0
Genus,Brucesealvirus,4,4,True,1.0
Genus,Gregsiragusavirus,3,3,True,1.0
Genus,Jamesmcgillvirus,2,2,True,1.0
Genus,Unahavirus,4,4,True,1.0
Genus,Webervirus,32,32,True,1.0
Genus,Kyungwonvirus,2,2,True,1.0
Genus,Warwickvirus,12,12,True,1.0
Genus,Eracentumvirus,2,2,True,1.0
Genus,Ampunavirus,2,2,True,1.0
Genus,Rtpvirus,2,2,True,1.0
Genus,Higashivirus,2,2,True,1.0
Genus,Sugarlandvirus,2,2,True,1.0
Genus,Priunavirus,2,2,True,1.0
Genus,Bequatrovirus,7,7,True,1.0
Genus,Pogseptimavirus,2,2,True,1.0
Genus,Novosibvirus,2,2,True,1.0
Genus,Thalassavirus,12,12,True,1.0
Genus,Jesfedecavirus,3,3,True,1.0
Genus,Phikzvirus,3,3,True,1.0
Genus,Moabitevirus,2,2,True,1.0
Genus,Erskinevirus,2,2,True,1.0
Genus,Chiangmaivirus,2,2,True,1.0
Genus,Agricanvirus,6,6,True,1.0
Genus,Tidunavirus,2,2,True,1.0
Genus,Aphroditevirus,4,4,True,1.0
Genus,Yushanvirus,2,2,True,1.0
Genus,Suwonvirus,2,2,True,1.0
Genus,Bastillevirus,4,4,True,1.0
Genus,Agatevirus,4,4,True,1.0
Genus,Caeruleovirus,6,6,True,1.0
Genus,Tybeckvirus,2,2,True,1.0
Genus,Abidjanvirus,4,4,True,1.0
Genus,Cepunavirus,2,2,True,1.0
Genus,Vellamovirus,2,2,True,1.0
Genus,Shandvirus,2,2,True,1.0
Genus,Ronodorvirus,2,2,True,1.0
Genus,Nereusvirus,2,2,True,1.0
Genus,Neptunevirus,2,2,True,1.0
Genus,Leucotheavirus,2,2,True,1.0
Genus,Yuavirus,5,5,True,1.0
Genus,Brizovirus,3,3,True,1.0
Genus,Acadevirus,4,4,True,1.0
Genus,Vojvodinavirus,4,4,True,1.0
Genus,Atlauavirus,3,3,True,1.0
Genus,Harbinvirus,5,5,True,1.0
Genus,Schiekvirus,3,3,True,1.0
Genus,Tsarbombavirus,3,3,True,1.0
Genus,Sepunavirus,2,2,True,1.0
Genus,Wphvirus,6,6,True,1.0
Genus,Kayvirus,25,25,True,1.0
Genus,Baoshanvirus,2,2,True,1.0
Genus,Siminovitchvirus,3,3,True,1.0
Genus,Silviavirus,4,4,True,1.0
Genus,Okubovirus,2,2,True,1.0
Genus,Tequintavirus,34,35,False,0.971
Genus,Benedictvirus,14,15,False,0.933
Genus,Beenievirus,10,11,False,0.909
Genus,Mosigvirus,13,15,False,0.867
Genus,Eganvirus,6,7,False,0.857
Genus,Tequatrovirus,83,97,False,0.856
Genus,Anayavirus,28,33,False,0.848
Genus,Pankowvirus,5,6,False,0.833
Genus,Carltongylesvirus,4,5,False,0.8
Genus,Salasvirus,4,5,False,0.8
Genus,Nerthusvirus,3,4,False,0.75
Genus,Mechnikovvirus,3,4,False,0.75
Genus,Siovirus,3,4,False,0.75
Genus,Schizotequatrovirus,3,4,False,0.75
Genus,Baxterfoxvirus,3,4,False,0.75
Genus,Baltivirus,3,4,False,0.75
Genus,Kuttervirus,40,55,False,0.727
Genus,Mooglevirus,5,7,False,0.714
Genus,Felsduovirus,2,3,False,0.667
Genus,Aresaunavirus,2,3,False,0.667
Genus,Nitunavirus,2,3,False,0.667
Genus,Grutrevirus,2,3,False,0.667
Genus,Gustavvirus,2,3,False,0.667
Genus,Kojivirus,2,3,False,0.667
Genus,Akonivirus,2,3,False,0.667
Genus,Kehishuvirus,2,3,False,0.667
Genus,Elveevirus,2,3,False,0.667
Genus,Acanvirus,4,6,False,0.667
Genus,Richievirus,2,3,False,0.667
Genus,Murrayvirus,2,3,False,0.667
Genus,Potamoivirus,2,3,False,0.667
Genus,Refugevirus,2,3,False,0.667
Genus,Kwaitsingvirus,2,3,False,0.667
Genus,Jerseyvirus,13,20,False,0.65
Genus,Vectrevirus,9,14,False,0.643
Genus,Buchavirus,8,13,False,0.615
Genus,Manuelvirus,3,5,False,0.6
Genus,Kochikohdavirus,4,7,False,0.571
Genus,Epseptimavirus,37,71,False,0.521
Genus,Sircambvirus,2,4,False,0.5
Genus,Tinduovirus,2,4,False,0.5
Genus,Chalconvirus,2,4,False,0.5
Genus,Pharaohvirus,2,4,False,0.5
Genus,Jouyvirus,3,6,False,0.5
Genus,Tinytimothyvirus,2,4,False,0.5
Genus,Sortsnevirus,2,4,False,0.5
Genus,Cinqassovirus,2,4,False,0.5
Genus,Rogunavirus,9,19,False,0.474
Genus,Skatevirus,7,15,False,0.467
Genus,Pifdecavirus,3,7,False,0.429
Genus,Janusvirus,3,7,False,0.429
Genus,Beecentumtrevirus,3,7,False,0.429
Genus,Muminvirus,5,12,False,0.417
Genus,Badaztecvirus,2,5,False,0.4
Genus,Ghunavirus,7,19,False,0.368
Genus,Caelumvirus,5,15,False,0.333
Genus,Rodentiumvirus,2,6,False,0.333
Genus,Bongovirus,2,6,False,0.333
Genus,Loudonvirus,2,6,False,0.333
Genus,Manhattanvirus,5,16,False,0.312
Genus,Emperorvirus,2,7,False,0.286
Genus,Marienburgvirus,2,7,False,0.286
Genus,Cohcovirus,2,7,False,0.286
Genus,Hanrivervirus,13,46,False,0.283
Genus,Fromanvirus,39,139,False,0.281
Genus,Phietavirus,30,111,False,0.27
Genus,Aptresvirus,2,8,False,0.25
Genus,Omarvirus,4,17,False,0.235
Genus,Saikungvirus,2,9,False,0.222
Genus,Aerosvirus,3,15,False,0.2
Genus,Przondovirus,29,164,False,0.177
Genus,Hennigervirus,3,19,False,0.158
Genus,Tunavirus,16,113,False,0.142
Genus,Shamshuipovirus,2,16,False,0.125
Genus,Segzyvirus,2,16,False,0.125
Genus,Macdonaldcampvirus,2,18,False,0.111
Genus,Sentinelvirus,2,19,False,0.105
Genus,Tlsvirus,10,112,False,0.089
Genus,Redjacvirus,3,43,False,0.07
Genus,Microwolfvirus,7,114,False,0.061
Genus,Dolusvirus,2,104,False,0.019
